{
  "best_metric": null,
  "best_model_checkpoint": null,
  "epoch": 8.771929824561404,
  "eval_steps": 500,
  "global_step": 1500,
  "is_hyper_param_search": false,
  "is_local_process_zero": true,
  "is_world_process_zero": true,
  "log_history": [
    {
      "epoch": 1.0,
      "grad_norm": 2.216928243637085,
      "learning_rate": 0.00095,
      "loss": 2.91,
      "step": 171
    },
    {
      "epoch": 1.0,
      "eval_loss": 2.849262237548828,
      "eval_runtime": 10.9546,
      "eval_samples_per_second": 8.307,
      "eval_steps_per_second": 4.199,
      "step": 171
    },
    {
      "epoch": 2.0,
      "grad_norm": 2.2252819538116455,
      "learning_rate": 0.0009000000000000001,
      "loss": 2.8842,
      "step": 342
    },
    {
      "epoch": 2.0,
      "eval_loss": 2.862265110015869,
      "eval_runtime": 10.9489,
      "eval_samples_per_second": 8.311,
      "eval_steps_per_second": 4.201,
      "step": 342
    },
    {
      "epoch": 3.0,
      "grad_norm": 2.042884349822998,
      "learning_rate": 0.00085,
      "loss": 2.8768,
      "step": 513
    },
    {
      "epoch": 3.0,
      "eval_loss": 2.874091863632202,
      "eval_runtime": 10.9884,
      "eval_samples_per_second": 8.281,
      "eval_steps_per_second": 4.186,
      "step": 513
    },
    {
      "epoch": 4.0,
      "grad_norm": 2.025653123855591,
      "learning_rate": 0.0008,
      "loss": 2.8486,
      "step": 684
    },
    {
      "epoch": 4.0,
      "eval_loss": 2.8570468425750732,
      "eval_runtime": 10.9607,
      "eval_samples_per_second": 8.302,
      "eval_steps_per_second": 4.197,
      "step": 684
    },
    {
      "epoch": 5.0,
      "grad_norm": 1.450574278831482,
      "learning_rate": 0.00075,
      "loss": 2.8619,
      "step": 855
    },
    {
      "epoch": 5.0,
      "eval_loss": 2.8446531295776367,
      "eval_runtime": 10.929,
      "eval_samples_per_second": 8.326,
      "eval_steps_per_second": 4.209,
      "step": 855
    },
    {
      "epoch": 6.0,
      "grad_norm": 1.6477220058441162,
      "learning_rate": 0.0007,
      "loss": 2.8538,
      "step": 1026
    },
    {
      "epoch": 6.0,
      "eval_loss": 2.857036828994751,
      "eval_runtime": 10.9694,
      "eval_samples_per_second": 8.296,
      "eval_steps_per_second": 4.193,
      "step": 1026
    },
    {
      "epoch": 7.0,
      "grad_norm": 1.382279634475708,
      "learning_rate": 0.0006500000000000001,
      "loss": 2.8739,
      "step": 1197
    },
    {
      "epoch": 7.0,
      "eval_loss": 2.8718936443328857,
      "eval_runtime": 10.9413,
      "eval_samples_per_second": 8.317,
      "eval_steps_per_second": 4.204,
      "step": 1197
    },
    {
      "epoch": 8.0,
      "grad_norm": 0.8840016722679138,
      "learning_rate": 0.0006,
      "loss": 2.8391,
      "step": 1368
    },
    {
      "epoch": 8.0,
      "eval_loss": 2.8590333461761475,
      "eval_runtime": 10.9356,
      "eval_samples_per_second": 8.321,
      "eval_steps_per_second": 4.206,
      "step": 1368
    }
  ],
  "logging_steps": 500,
  "max_steps": 3420,
  "num_input_tokens_seen": 0,
  "num_train_epochs": 20,
  "save_steps": 500,
  "total_flos": 1.1999250690048e+16,
  "train_batch_size": 2,
  "trial_name": null,
  "trial_params": null
}
