{
  "best_metric": null,
  "best_model_checkpoint": null,
  "epoch": 62.5,
  "eval_steps": 500,
  "global_step": 500,
  "is_hyper_param_search": false,
  "is_local_process_zero": true,
  "is_world_process_zero": true,
  "log_history": [
    {
      "epoch": 0.12,
      "grad_norm": 29.359336853027344,
      "learning_rate": 0.00029975,
      "loss": 5.3801,
      "step": 1
    },
    {
      "epoch": 0.25,
      "grad_norm": 14.2778902053833,
      "learning_rate": 0.00029949999999999996,
      "loss": 3.2273,
      "step": 2
    },
    {
      "epoch": 0.38,
      "grad_norm": 14.057238578796387,
      "learning_rate": 0.00029925,
      "loss": 4.0167,
      "step": 3
    },
    {
      "epoch": 0.5,
      "grad_norm": 6.800009250640869,
      "learning_rate": 0.000299,
      "loss": 1.2068,
      "step": 4
    },
    {
      "epoch": 0.62,
      "grad_norm": 15.884761810302734,
      "learning_rate": 0.00029874999999999997,
      "loss": 1.34,
      "step": 5
    },
    {
      "epoch": 0.75,
      "grad_norm": 9.5156888961792,
      "learning_rate": 0.0002985,
      "loss": 2.9807,
      "step": 6
    },
    {
      "epoch": 0.88,
      "grad_norm": 18.57184410095215,
      "learning_rate": 0.00029824999999999996,
      "loss": 2.8497,
      "step": 7
    },
    {
      "epoch": 1.0,
      "grad_norm": 6.273693561553955,
      "learning_rate": 0.000298,
      "loss": 3.0667,
      "step": 8
    },
    {
      "epoch": 1.0,
      "eval_accuracy": 0.6217008797653959,
      "eval_loss": 2.7361443042755127,
      "eval_runtime": 0.4485,
      "eval_samples_per_second": 6.688,
      "eval_steps_per_second": 2.229,
      "step": 8
    },
    {
      "epoch": 1.12,
      "grad_norm": 8.892650604248047,
      "learning_rate": 0.00029775,
      "loss": 2.6006,
      "step": 9
    },
    {
      "epoch": 1.25,
      "grad_norm": 10.011252403259277,
      "learning_rate": 0.00029749999999999997,
      "loss": 0.9009,
      "step": 10
    },
    {
      "epoch": 1.38,
      "grad_norm": 3.5441336631774902,
      "learning_rate": 0.00029725,
      "loss": 3.5602,
      "step": 11
    },
    {
      "epoch": 1.5,
      "grad_norm": 12.247381210327148,
      "learning_rate": 0.00029699999999999996,
      "loss": 1.9015,
      "step": 12
    },
    {
      "epoch": 1.62,
      "grad_norm": 4.964176177978516,
      "learning_rate": 0.00029675,
      "loss": 2.463,
      "step": 13
    },
    {
      "epoch": 1.75,
      "grad_norm": 1.303200125694275,
      "learning_rate": 0.00029649999999999994,
      "loss": 1.7711,
      "step": 14
    },
    {
      "epoch": 1.88,
      "grad_norm": 1.7997084856033325,
      "learning_rate": 0.00029624999999999996,
      "loss": 2.1748,
      "step": 15
    },
    {
      "epoch": 2.0,
      "grad_norm": 1.9965622425079346,
      "learning_rate": 0.000296,
      "loss": 0.7552,
      "step": 16
    },
    {
      "epoch": 2.0,
      "eval_accuracy": 0.6422287390029325,
      "eval_loss": 2.4597949981689453,
      "eval_runtime": 0.4406,
      "eval_samples_per_second": 6.808,
      "eval_steps_per_second": 2.269,
      "step": 16
    },
    {
      "epoch": 2.12,
      "grad_norm": 2.9020915031433105,
      "learning_rate": 0.00029574999999999995,
      "loss": 1.7813,
      "step": 17
    },
    {
      "epoch": 2.25,
      "grad_norm": 3.9761388301849365,
      "learning_rate": 0.00029549999999999997,
      "loss": 2.2958,
      "step": 18
    },
    {
      "epoch": 2.38,
      "grad_norm": 3.1281328201293945,
      "learning_rate": 0.00029524999999999994,
      "loss": 1.7126,
      "step": 19
    },
    {
      "epoch": 2.5,
      "grad_norm": 3.4285502433776855,
      "learning_rate": 0.00029499999999999996,
      "loss": 3.0336,
      "step": 20
    },
    {
      "epoch": 2.62,
      "grad_norm": 4.468196868896484,
      "learning_rate": 0.00029475,
      "loss": 1.7634,
      "step": 21
    },
    {
      "epoch": 2.75,
      "grad_norm": 5.420841217041016,
      "learning_rate": 0.0002945,
      "loss": 1.988,
      "step": 22
    },
    {
      "epoch": 2.88,
      "grad_norm": 1.6960225105285645,
      "learning_rate": 0.00029424999999999997,
      "loss": 1.2418,
      "step": 23
    },
    {
      "epoch": 3.0,
      "grad_norm": 8.792322158813477,
      "learning_rate": 0.000294,
      "loss": 0.533,
      "step": 24
    },
    {
      "epoch": 3.0,
      "eval_accuracy": 0.6510263929618768,
      "eval_loss": 2.2439005374908447,
      "eval_runtime": 0.4396,
      "eval_samples_per_second": 6.824,
      "eval_steps_per_second": 2.275,
      "step": 24
    },
    {
      "epoch": 3.12,
      "grad_norm": 13.049721717834473,
      "learning_rate": 0.00029374999999999996,
      "loss": 1.2286,
      "step": 25
    },
    {
      "epoch": 3.25,
      "grad_norm": 4.259301662445068,
      "learning_rate": 0.0002935,
      "loss": 2.7404,
      "step": 26
    },
    {
      "epoch": 3.38,
      "grad_norm": 6.684000015258789,
      "learning_rate": 0.00029325,
      "loss": 1.6932,
      "step": 27
    },
    {
      "epoch": 3.5,
      "grad_norm": 2.697389841079712,
      "learning_rate": 0.00029299999999999997,
      "loss": 1.3662,
      "step": 28
    },
    {
      "epoch": 3.62,
      "grad_norm": 6.67343282699585,
      "learning_rate": 0.00029275,
      "loss": 1.2767,
      "step": 29
    },
    {
      "epoch": 3.75,
      "grad_norm": 2.759807586669922,
      "learning_rate": 0.00029249999999999995,
      "loss": 1.626,
      "step": 30
    },
    {
      "epoch": 3.88,
      "grad_norm": 12.090336799621582,
      "learning_rate": 0.00029225,
      "loss": 2.1777,
      "step": 31
    },
    {
      "epoch": 4.0,
      "grad_norm": 2.1888153553009033,
      "learning_rate": 0.000292,
      "loss": 0.5313,
      "step": 32
    },
    {
      "epoch": 4.0,
      "eval_accuracy": 0.6754643206256109,
      "eval_loss": 1.9892643690109253,
      "eval_runtime": 0.4397,
      "eval_samples_per_second": 6.823,
      "eval_steps_per_second": 2.274,
      "step": 32
    },
    {
      "epoch": 4.12,
      "grad_norm": 3.606794834136963,
      "learning_rate": 0.00029174999999999996,
      "loss": 0.4366,
      "step": 33
    },
    {
      "epoch": 4.25,
      "grad_norm": 5.018895149230957,
      "learning_rate": 0.0002915,
      "loss": 1.1484,
      "step": 34
    },
    {
      "epoch": 4.38,
      "grad_norm": 11.083370208740234,
      "learning_rate": 0.00029124999999999995,
      "loss": 3.5812,
      "step": 35
    },
    {
      "epoch": 4.5,
      "grad_norm": 1.7224820852279663,
      "learning_rate": 0.00029099999999999997,
      "loss": 1.6297,
      "step": 36
    },
    {
      "epoch": 4.62,
      "grad_norm": 4.093377113342285,
      "learning_rate": 0.00029074999999999994,
      "loss": 1.9035,
      "step": 37
    },
    {
      "epoch": 4.75,
      "grad_norm": 1.0566120147705078,
      "learning_rate": 0.0002905,
      "loss": 0.4706,
      "step": 38
    },
    {
      "epoch": 4.88,
      "grad_norm": 1.8979023694992065,
      "learning_rate": 0.00029025,
      "loss": 1.1725,
      "step": 39
    },
    {
      "epoch": 5.0,
      "grad_norm": 0.7832836508750916,
      "learning_rate": 0.00029,
      "loss": 0.2498,
      "step": 40
    },
    {
      "epoch": 5.0,
      "eval_accuracy": 0.736396220267188,
      "eval_loss": 1.7995859384536743,
      "eval_runtime": 0.4387,
      "eval_samples_per_second": 6.838,
      "eval_steps_per_second": 2.279,
      "step": 40
    },
    {
      "epoch": 5.12,
      "grad_norm": 5.55463171005249,
      "learning_rate": 0.00028974999999999997,
      "loss": 0.8127,
      "step": 41
    },
    {
      "epoch": 5.25,
      "grad_norm": 2.1519625186920166,
      "learning_rate": 0.0002895,
      "loss": 0.3241,
      "step": 42
    },
    {
      "epoch": 5.38,
      "grad_norm": 7.602899551391602,
      "learning_rate": 0.00028924999999999996,
      "loss": 2.3732,
      "step": 43
    },
    {
      "epoch": 5.5,
      "grad_norm": 0.841774582862854,
      "learning_rate": 0.000289,
      "loss": 0.2275,
      "step": 44
    },
    {
      "epoch": 5.62,
      "grad_norm": 13.132047653198242,
      "learning_rate": 0.00028875,
      "loss": 1.6579,
      "step": 45
    },
    {
      "epoch": 5.75,
      "grad_norm": 2.8216145038604736,
      "learning_rate": 0.00028849999999999997,
      "loss": 0.9268,
      "step": 46
    },
    {
      "epoch": 5.88,
      "grad_norm": 7.783047676086426,
      "learning_rate": 0.00028825,
      "loss": 2.3146,
      "step": 47
    },
    {
      "epoch": 6.0,
      "grad_norm": 1.7864203453063965,
      "learning_rate": 0.00028799999999999995,
      "loss": 0.3394,
      "step": 48
    },
    {
      "epoch": 6.0,
      "eval_accuracy": 0.7484522645812969,
      "eval_loss": 1.5107935667037964,
      "eval_runtime": 0.4394,
      "eval_samples_per_second": 6.827,
      "eval_steps_per_second": 2.276,
      "step": 48
    },
    {
      "epoch": 6.12,
      "grad_norm": 4.5014801025390625,
      "learning_rate": 0.00028775,
      "loss": 2.8398,
      "step": 49
    },
    {
      "epoch": 6.25,
      "grad_norm": 1.52931547164917,
      "learning_rate": 0.0002875,
      "loss": 0.6161,
      "step": 50
    },
    {
      "epoch": 6.38,
      "grad_norm": 1.2645879983901978,
      "learning_rate": 0.00028724999999999996,
      "loss": 0.5881,
      "step": 51
    },
    {
      "epoch": 6.5,
      "grad_norm": 1.9606332778930664,
      "learning_rate": 0.000287,
      "loss": 0.6277,
      "step": 52
    },
    {
      "epoch": 6.62,
      "grad_norm": 0.597260057926178,
      "learning_rate": 0.00028674999999999995,
      "loss": 0.1888,
      "step": 53
    },
    {
      "epoch": 6.75,
      "grad_norm": 4.1246442794799805,
      "learning_rate": 0.00028649999999999997,
      "loss": 1.4705,
      "step": 54
    },
    {
      "epoch": 6.88,
      "grad_norm": 1.5411430597305298,
      "learning_rate": 0.00028625,
      "loss": 0.7945,
      "step": 55
    },
    {
      "epoch": 7.0,
      "grad_norm": 0.6630531549453735,
      "learning_rate": 0.00028599999999999996,
      "loss": 0.1913,
      "step": 56
    },
    {
      "epoch": 7.0,
      "eval_accuracy": 0.7683284457478006,
      "eval_loss": 1.2934958934783936,
      "eval_runtime": 0.4394,
      "eval_samples_per_second": 6.827,
      "eval_steps_per_second": 2.276,
      "step": 56
    },
    {
      "epoch": 7.12,
      "grad_norm": 6.646259784698486,
      "learning_rate": 0.00028575,
      "loss": 1.6741,
      "step": 57
    },
    {
      "epoch": 7.25,
      "grad_norm": 4.095770359039307,
      "learning_rate": 0.00028549999999999995,
      "loss": 1.2964,
      "step": 58
    },
    {
      "epoch": 7.38,
      "grad_norm": 3.4843199253082275,
      "learning_rate": 0.00028524999999999997,
      "loss": 0.4392,
      "step": 59
    },
    {
      "epoch": 7.5,
      "grad_norm": 4.180309295654297,
      "learning_rate": 0.000285,
      "loss": 1.591,
      "step": 60
    },
    {
      "epoch": 7.62,
      "grad_norm": 0.5000353455543518,
      "learning_rate": 0.00028475,
      "loss": 0.1878,
      "step": 61
    },
    {
      "epoch": 7.75,
      "grad_norm": 1.5680899620056152,
      "learning_rate": 0.0002845,
      "loss": 0.5563,
      "step": 62
    },
    {
      "epoch": 7.88,
      "grad_norm": 0.387062132358551,
      "learning_rate": 0.00028425,
      "loss": 0.1533,
      "step": 63
    },
    {
      "epoch": 8.0,
      "grad_norm": 1.2060139179229736,
      "learning_rate": 0.00028399999999999996,
      "loss": 0.2484,
      "step": 64
    },
    {
      "epoch": 8.0,
      "eval_accuracy": 0.7934180514825676,
      "eval_loss": 1.3617721796035767,
      "eval_runtime": 0.4403,
      "eval_samples_per_second": 6.813,
      "eval_steps_per_second": 2.271,
      "step": 64
    },
    {
      "epoch": 8.12,
      "grad_norm": 0.47774431109428406,
      "learning_rate": 0.00028375,
      "loss": 0.1616,
      "step": 65
    },
    {
      "epoch": 8.25,
      "grad_norm": 2.5985045433044434,
      "learning_rate": 0.00028349999999999995,
      "loss": 0.5326,
      "step": 66
    },
    {
      "epoch": 8.38,
      "grad_norm": 3.6902313232421875,
      "learning_rate": 0.00028325,
      "loss": 0.9686,
      "step": 67
    },
    {
      "epoch": 8.5,
      "grad_norm": 0.7034218907356262,
      "learning_rate": 0.000283,
      "loss": 0.2151,
      "step": 68
    },
    {
      "epoch": 8.62,
      "grad_norm": 2.3836355209350586,
      "learning_rate": 0.00028274999999999996,
      "loss": 0.8638,
      "step": 69
    },
    {
      "epoch": 8.75,
      "grad_norm": 0.730599582195282,
      "learning_rate": 0.0002825,
      "loss": 0.4266,
      "step": 70
    },
    {
      "epoch": 8.88,
      "grad_norm": 3.3538243770599365,
      "learning_rate": 0.00028224999999999995,
      "loss": 1.1805,
      "step": 71
    },
    {
      "epoch": 9.0,
      "grad_norm": 0.5428794026374817,
      "learning_rate": 0.00028199999999999997,
      "loss": 0.1801,
      "step": 72
    },
    {
      "epoch": 9.0,
      "eval_accuracy": 0.8005865102639296,
      "eval_loss": 1.1116405725479126,
      "eval_runtime": 0.4395,
      "eval_samples_per_second": 6.825,
      "eval_steps_per_second": 2.275,
      "step": 72
    },
    {
      "epoch": 9.12,
      "grad_norm": 4.032547473907471,
      "learning_rate": 0.00028175,
      "loss": 1.192,
      "step": 73
    },
    {
      "epoch": 9.25,
      "grad_norm": 1.0993082523345947,
      "learning_rate": 0.00028149999999999996,
      "loss": 0.1845,
      "step": 74
    },
    {
      "epoch": 9.38,
      "grad_norm": 0.3916512131690979,
      "learning_rate": 0.00028125,
      "loss": 0.1611,
      "step": 75
    },
    {
      "epoch": 9.5,
      "grad_norm": 9.816252708435059,
      "learning_rate": 0.00028099999999999995,
      "loss": 0.5836,
      "step": 76
    },
    {
      "epoch": 9.62,
      "grad_norm": 2.537872791290283,
      "learning_rate": 0.00028074999999999997,
      "loss": 0.5341,
      "step": 77
    },
    {
      "epoch": 9.75,
      "grad_norm": 1.0438642501831055,
      "learning_rate": 0.0002805,
      "loss": 0.2058,
      "step": 78
    },
    {
      "epoch": 9.88,
      "grad_norm": 1.7172644138336182,
      "learning_rate": 0.00028025,
      "loss": 0.3797,
      "step": 79
    },
    {
      "epoch": 10.0,
      "grad_norm": 0.6499449610710144,
      "learning_rate": 0.00028,
      "loss": 0.2211,
      "step": 80
    },
    {
      "epoch": 10.0,
      "eval_accuracy": 0.8207885304659498,
      "eval_loss": 1.21694815158844,
      "eval_runtime": 0.4399,
      "eval_samples_per_second": 6.82,
      "eval_steps_per_second": 2.273,
      "step": 80
    },
    {
      "epoch": 10.12,
      "grad_norm": 1.8853667974472046,
      "learning_rate": 0.00027975,
      "loss": 0.3123,
      "step": 81
    },
    {
      "epoch": 10.25,
      "grad_norm": 0.3601469099521637,
      "learning_rate": 0.00027949999999999996,
      "loss": 0.1569,
      "step": 82
    },
    {
      "epoch": 10.38,
      "grad_norm": 1.422303557395935,
      "learning_rate": 0.00027925,
      "loss": 0.1524,
      "step": 83
    },
    {
      "epoch": 10.5,
      "grad_norm": 5.462047576904297,
      "learning_rate": 0.000279,
      "loss": 0.8064,
      "step": 84
    },
    {
      "epoch": 10.62,
      "grad_norm": 2.5122015476226807,
      "learning_rate": 0.00027874999999999997,
      "loss": 0.4888,
      "step": 85
    },
    {
      "epoch": 10.75,
      "grad_norm": 0.9608920216560364,
      "learning_rate": 0.0002785,
      "loss": 0.2014,
      "step": 86
    },
    {
      "epoch": 10.88,
      "grad_norm": 1.3945573568344116,
      "learning_rate": 0.00027824999999999996,
      "loss": 0.3404,
      "step": 87
    },
    {
      "epoch": 11.0,
      "grad_norm": 1.2304152250289917,
      "learning_rate": 0.000278,
      "loss": 0.2377,
      "step": 88
    },
    {
      "epoch": 11.0,
      "eval_accuracy": 0.8181818181818182,
      "eval_loss": 1.083145022392273,
      "eval_runtime": 0.4397,
      "eval_samples_per_second": 6.823,
      "eval_steps_per_second": 2.274,
      "step": 88
    },
    {
      "epoch": 11.12,
      "grad_norm": 1.7640118598937988,
      "learning_rate": 0.00027774999999999995,
      "loss": 0.3212,
      "step": 89
    },
    {
      "epoch": 11.25,
      "grad_norm": 0.43881380558013916,
      "learning_rate": 0.00027749999999999997,
      "loss": 0.1441,
      "step": 90
    },
    {
      "epoch": 11.38,
      "grad_norm": 0.7331222891807556,
      "learning_rate": 0.00027725,
      "loss": 0.2566,
      "step": 91
    },
    {
      "epoch": 11.5,
      "grad_norm": 0.5147823691368103,
      "learning_rate": 0.00027699999999999996,
      "loss": 0.1457,
      "step": 92
    },
    {
      "epoch": 11.62,
      "grad_norm": 0.8518012166023254,
      "learning_rate": 0.00027675,
      "loss": 0.1813,
      "step": 93
    },
    {
      "epoch": 11.75,
      "grad_norm": 9.027237892150879,
      "learning_rate": 0.00027649999999999994,
      "loss": 0.3165,
      "step": 94
    },
    {
      "epoch": 11.88,
      "grad_norm": 5.993152618408203,
      "learning_rate": 0.00027624999999999997,
      "loss": 0.4409,
      "step": 95
    },
    {
      "epoch": 12.0,
      "grad_norm": 0.641728937625885,
      "learning_rate": 0.000276,
      "loss": 0.1224,
      "step": 96
    },
    {
      "epoch": 12.0,
      "eval_accuracy": 0.8367546432062561,
      "eval_loss": 1.1536471843719482,
      "eval_runtime": 0.4395,
      "eval_samples_per_second": 6.826,
      "eval_steps_per_second": 2.275,
      "step": 96
    },
    {
      "epoch": 12.12,
      "grad_norm": 2.188983201980591,
      "learning_rate": 0.00027575,
      "loss": 0.404,
      "step": 97
    },
    {
      "epoch": 12.25,
      "grad_norm": 0.9659194946289062,
      "learning_rate": 0.0002755,
      "loss": 0.1933,
      "step": 98
    },
    {
      "epoch": 12.38,
      "grad_norm": 0.7315963506698608,
      "learning_rate": 0.00027525,
      "loss": 0.1626,
      "step": 99
    },
    {
      "epoch": 12.5,
      "grad_norm": 1.6078866720199585,
      "learning_rate": 0.00027499999999999996,
      "loss": 0.1537,
      "step": 100
    },
    {
      "epoch": 12.62,
      "grad_norm": 1.24497389793396,
      "learning_rate": 0.00027475,
      "loss": 0.2487,
      "step": 101
    },
    {
      "epoch": 12.75,
      "grad_norm": 0.34866997599601746,
      "learning_rate": 0.0002745,
      "loss": 0.1072,
      "step": 102
    },
    {
      "epoch": 12.88,
      "grad_norm": 0.9996355772018433,
      "learning_rate": 0.00027424999999999997,
      "loss": 0.2759,
      "step": 103
    },
    {
      "epoch": 13.0,
      "grad_norm": 1.7841745615005493,
      "learning_rate": 0.000274,
      "loss": 0.3086,
      "step": 104
    },
    {
      "epoch": 13.0,
      "eval_accuracy": 0.8354512870641903,
      "eval_loss": 1.1174508333206177,
      "eval_runtime": 0.4404,
      "eval_samples_per_second": 6.811,
      "eval_steps_per_second": 2.27,
      "step": 104
    },
    {
      "epoch": 13.12,
      "grad_norm": 1.0234794616699219,
      "learning_rate": 0.00027374999999999996,
      "loss": 0.2168,
      "step": 105
    },
    {
      "epoch": 13.25,
      "grad_norm": 0.42809823155403137,
      "learning_rate": 0.0002735,
      "loss": 0.1116,
      "step": 106
    },
    {
      "epoch": 13.38,
      "grad_norm": 3.6785426139831543,
      "learning_rate": 0.00027325,
      "loss": 0.2807,
      "step": 107
    },
    {
      "epoch": 13.5,
      "grad_norm": 2.872776985168457,
      "learning_rate": 0.00027299999999999997,
      "loss": 0.2721,
      "step": 108
    },
    {
      "epoch": 13.62,
      "grad_norm": 1.2153489589691162,
      "learning_rate": 0.00027275,
      "loss": 0.161,
      "step": 109
    },
    {
      "epoch": 13.75,
      "grad_norm": 0.44570085406303406,
      "learning_rate": 0.00027249999999999996,
      "loss": 0.1425,
      "step": 110
    },
    {
      "epoch": 13.88,
      "grad_norm": 0.43258121609687805,
      "learning_rate": 0.00027225,
      "loss": 0.1594,
      "step": 111
    },
    {
      "epoch": 14.0,
      "grad_norm": 0.6690506339073181,
      "learning_rate": 0.00027199999999999994,
      "loss": 0.1189,
      "step": 112
    },
    {
      "epoch": 14.0,
      "eval_accuracy": 0.837406321277289,
      "eval_loss": 1.170901894569397,
      "eval_runtime": 0.4392,
      "eval_samples_per_second": 6.831,
      "eval_steps_per_second": 2.277,
      "step": 112
    },
    {
      "epoch": 14.12,
      "grad_norm": 2.75571346282959,
      "learning_rate": 0.00027174999999999996,
      "loss": 0.3458,
      "step": 113
    },
    {
      "epoch": 14.25,
      "grad_norm": 1.8265323638916016,
      "learning_rate": 0.0002715,
      "loss": 0.1329,
      "step": 114
    },
    {
      "epoch": 14.38,
      "grad_norm": 1.680580735206604,
      "learning_rate": 0.00027124999999999995,
      "loss": 0.1921,
      "step": 115
    },
    {
      "epoch": 14.5,
      "grad_norm": 0.42921993136405945,
      "learning_rate": 0.000271,
      "loss": 0.1235,
      "step": 116
    },
    {
      "epoch": 14.62,
      "grad_norm": 0.30627554655075073,
      "learning_rate": 0.00027074999999999994,
      "loss": 0.1296,
      "step": 117
    },
    {
      "epoch": 14.75,
      "grad_norm": 1.3237539529800415,
      "learning_rate": 0.00027049999999999996,
      "loss": 0.1283,
      "step": 118
    },
    {
      "epoch": 14.88,
      "grad_norm": 0.3922809064388275,
      "learning_rate": 0.00027025,
      "loss": 0.1112,
      "step": 119
    },
    {
      "epoch": 15.0,
      "grad_norm": 2.847896099090576,
      "learning_rate": 0.00027,
      "loss": 0.3246,
      "step": 120
    },
    {
      "epoch": 15.0,
      "eval_accuracy": 0.8406647116324536,
      "eval_loss": 1.1280161142349243,
      "eval_runtime": 0.4409,
      "eval_samples_per_second": 6.804,
      "eval_steps_per_second": 2.268,
      "step": 120
    },
    {
      "epoch": 15.12,
      "grad_norm": 7.2803144454956055,
      "learning_rate": 0.00026974999999999997,
      "loss": 0.2662,
      "step": 121
    },
    {
      "epoch": 15.25,
      "grad_norm": 0.41128072142601013,
      "learning_rate": 0.0002695,
      "loss": 0.1358,
      "step": 122
    },
    {
      "epoch": 15.38,
      "grad_norm": 1.6856616735458374,
      "learning_rate": 0.00026924999999999996,
      "loss": 0.123,
      "step": 123
    },
    {
      "epoch": 15.5,
      "grad_norm": 0.41265740990638733,
      "learning_rate": 0.000269,
      "loss": 0.0911,
      "step": 124
    },
    {
      "epoch": 15.62,
      "grad_norm": 0.2783176898956299,
      "learning_rate": 0.00026875,
      "loss": 0.0915,
      "step": 125
    },
    {
      "epoch": 15.75,
      "grad_norm": 1.095616102218628,
      "learning_rate": 0.00026849999999999997,
      "loss": 0.116,
      "step": 126
    },
    {
      "epoch": 15.88,
      "grad_norm": 0.7271637320518494,
      "learning_rate": 0.00026825,
      "loss": 0.1529,
      "step": 127
    },
    {
      "epoch": 16.0,
      "grad_norm": 0.7956183552742004,
      "learning_rate": 0.00026799999999999995,
      "loss": 0.0777,
      "step": 128
    },
    {
      "epoch": 16.0,
      "eval_accuracy": 0.8458781362007168,
      "eval_loss": 1.1365653276443481,
      "eval_runtime": 0.4391,
      "eval_samples_per_second": 6.833,
      "eval_steps_per_second": 2.278,
      "step": 128
    },
    {
      "epoch": 16.12,
      "grad_norm": 0.5441654920578003,
      "learning_rate": 0.00026775,
      "loss": 0.0876,
      "step": 129
    },
    {
      "epoch": 16.25,
      "grad_norm": 0.8133970499038696,
      "learning_rate": 0.0002675,
      "loss": 0.1353,
      "step": 130
    },
    {
      "epoch": 16.38,
      "grad_norm": 0.24368548393249512,
      "learning_rate": 0.00026724999999999996,
      "loss": 0.0854,
      "step": 131
    },
    {
      "epoch": 16.5,
      "grad_norm": 0.4945058226585388,
      "learning_rate": 0.000267,
      "loss": 0.0804,
      "step": 132
    },
    {
      "epoch": 16.62,
      "grad_norm": 1.2539106607437134,
      "learning_rate": 0.00026674999999999995,
      "loss": 0.0946,
      "step": 133
    },
    {
      "epoch": 16.75,
      "grad_norm": 1.4034709930419922,
      "learning_rate": 0.00026649999999999997,
      "loss": 0.232,
      "step": 134
    },
    {
      "epoch": 16.88,
      "grad_norm": 2.082965612411499,
      "learning_rate": 0.00026624999999999994,
      "loss": 0.1374,
      "step": 135
    },
    {
      "epoch": 17.0,
      "grad_norm": 0.46559202671051025,
      "learning_rate": 0.000266,
      "loss": 0.1391,
      "step": 136
    },
    {
      "epoch": 17.0,
      "eval_accuracy": 0.8478331704138156,
      "eval_loss": 1.1782423257827759,
      "eval_runtime": 0.4404,
      "eval_samples_per_second": 6.813,
      "eval_steps_per_second": 2.271,
      "step": 136
    },
    {
      "epoch": 17.12,
      "grad_norm": 0.5348711609840393,
      "learning_rate": 0.00026575,
      "loss": 0.1279,
      "step": 137
    },
    {
      "epoch": 17.25,
      "grad_norm": 0.8680881857872009,
      "learning_rate": 0.0002655,
      "loss": 0.0983,
      "step": 138
    },
    {
      "epoch": 17.38,
      "grad_norm": 0.49273020029067993,
      "learning_rate": 0.00026524999999999997,
      "loss": 0.0873,
      "step": 139
    },
    {
      "epoch": 17.5,
      "grad_norm": 1.1188958883285522,
      "learning_rate": 0.000265,
      "loss": 0.1367,
      "step": 140
    },
    {
      "epoch": 17.62,
      "grad_norm": 0.43917298316955566,
      "learning_rate": 0.00026474999999999996,
      "loss": 0.1168,
      "step": 141
    },
    {
      "epoch": 17.75,
      "grad_norm": 4.439697742462158,
      "learning_rate": 0.0002645,
      "loss": 0.0803,
      "step": 142
    },
    {
      "epoch": 17.88,
      "grad_norm": 1.662603497505188,
      "learning_rate": 0.00026425,
      "loss": 0.1778,
      "step": 143
    },
    {
      "epoch": 18.0,
      "grad_norm": 1.3436672687530518,
      "learning_rate": 0.00026399999999999997,
      "loss": 0.0964,
      "step": 144
    },
    {
      "epoch": 18.0,
      "eval_accuracy": 0.8494623655913979,
      "eval_loss": 1.1632144451141357,
      "eval_runtime": 0.4399,
      "eval_samples_per_second": 6.82,
      "eval_steps_per_second": 2.273,
      "step": 144
    },
    {
      "epoch": 18.12,
      "grad_norm": 0.5532554388046265,
      "learning_rate": 0.00026375,
      "loss": 0.0807,
      "step": 145
    },
    {
      "epoch": 18.25,
      "grad_norm": 0.45583024621009827,
      "learning_rate": 0.00026349999999999995,
      "loss": 0.1817,
      "step": 146
    },
    {
      "epoch": 18.38,
      "grad_norm": 0.7187719345092773,
      "learning_rate": 0.00026325,
      "loss": 0.0992,
      "step": 147
    },
    {
      "epoch": 18.5,
      "grad_norm": 1.2053371667861938,
      "learning_rate": 0.000263,
      "loss": 0.1375,
      "step": 148
    },
    {
      "epoch": 18.62,
      "grad_norm": 0.32534366846084595,
      "learning_rate": 0.00026274999999999996,
      "loss": 0.0742,
      "step": 149
    },
    {
      "epoch": 18.75,
      "grad_norm": 0.3488178551197052,
      "learning_rate": 0.0002625,
      "loss": 0.0818,
      "step": 150
    },
    {
      "epoch": 18.88,
      "grad_norm": 1.1472529172897339,
      "learning_rate": 0.00026224999999999995,
      "loss": 0.075,
      "step": 151
    },
    {
      "epoch": 19.0,
      "grad_norm": 2.0799949169158936,
      "learning_rate": 0.00026199999999999997,
      "loss": 0.1374,
      "step": 152
    },
    {
      "epoch": 19.0,
      "eval_accuracy": 0.8576083414793092,
      "eval_loss": 1.162164330482483,
      "eval_runtime": 0.4395,
      "eval_samples_per_second": 6.826,
      "eval_steps_per_second": 2.275,
      "step": 152
    },
    {
      "epoch": 19.12,
      "grad_norm": 3.398409605026245,
      "learning_rate": 0.00026175,
      "loss": 0.1026,
      "step": 153
    },
    {
      "epoch": 19.25,
      "grad_norm": 0.5179778933525085,
      "learning_rate": 0.0002615,
      "loss": 0.0728,
      "step": 154
    },
    {
      "epoch": 19.38,
      "grad_norm": 1.4753758907318115,
      "learning_rate": 0.00026125,
      "loss": 0.0987,
      "step": 155
    },
    {
      "epoch": 19.5,
      "grad_norm": 1.339991807937622,
      "learning_rate": 0.000261,
      "loss": 0.1367,
      "step": 156
    },
    {
      "epoch": 19.62,
      "grad_norm": 1.2582805156707764,
      "learning_rate": 0.00026074999999999997,
      "loss": 0.0744,
      "step": 157
    },
    {
      "epoch": 19.75,
      "grad_norm": 1.7048014402389526,
      "learning_rate": 0.0002605,
      "loss": 0.1567,
      "step": 158
    },
    {
      "epoch": 19.88,
      "grad_norm": 1.1007272005081177,
      "learning_rate": 0.00026025,
      "loss": 0.0823,
      "step": 159
    },
    {
      "epoch": 20.0,
      "grad_norm": 0.6066457629203796,
      "learning_rate": 0.00026,
      "loss": 0.0865,
      "step": 160
    },
    {
      "epoch": 20.0,
      "eval_accuracy": 0.8468556533072662,
      "eval_loss": 1.1884196996688843,
      "eval_runtime": 0.4398,
      "eval_samples_per_second": 6.822,
      "eval_steps_per_second": 2.274,
      "step": 160
    },
    {
      "epoch": 20.12,
      "grad_norm": 0.30204635858535767,
      "learning_rate": 0.00025975,
      "loss": 0.0828,
      "step": 161
    },
    {
      "epoch": 20.25,
      "grad_norm": 1.8322087526321411,
      "learning_rate": 0.00025949999999999997,
      "loss": 0.1232,
      "step": 162
    },
    {
      "epoch": 20.38,
      "grad_norm": 0.3322875201702118,
      "learning_rate": 0.00025925,
      "loss": 0.083,
      "step": 163
    },
    {
      "epoch": 20.5,
      "grad_norm": 1.044543981552124,
      "learning_rate": 0.00025899999999999995,
      "loss": 0.0835,
      "step": 164
    },
    {
      "epoch": 20.62,
      "grad_norm": 1.499334692955017,
      "learning_rate": 0.00025875,
      "loss": 0.0973,
      "step": 165
    },
    {
      "epoch": 20.75,
      "grad_norm": 0.784930944442749,
      "learning_rate": 0.0002585,
      "loss": 0.0726,
      "step": 166
    },
    {
      "epoch": 20.88,
      "grad_norm": 0.7290160059928894,
      "learning_rate": 0.00025824999999999996,
      "loss": 0.104,
      "step": 167
    },
    {
      "epoch": 21.0,
      "grad_norm": 1.2499932050704956,
      "learning_rate": 0.000258,
      "loss": 0.2075,
      "step": 168
    },
    {
      "epoch": 21.0,
      "eval_accuracy": 0.8540241120886282,
      "eval_loss": 1.1756333112716675,
      "eval_runtime": 0.4389,
      "eval_samples_per_second": 6.836,
      "eval_steps_per_second": 2.279,
      "step": 168
    },
    {
      "epoch": 21.12,
      "grad_norm": 0.5570644736289978,
      "learning_rate": 0.00025774999999999995,
      "loss": 0.0598,
      "step": 169
    },
    {
      "epoch": 21.25,
      "grad_norm": 1.1572797298431396,
      "learning_rate": 0.00025749999999999997,
      "loss": 0.092,
      "step": 170
    },
    {
      "epoch": 21.38,
      "grad_norm": 1.4815672636032104,
      "learning_rate": 0.00025725,
      "loss": 0.1413,
      "step": 171
    },
    {
      "epoch": 21.5,
      "grad_norm": 0.5153065919876099,
      "learning_rate": 0.00025699999999999996,
      "loss": 0.0695,
      "step": 172
    },
    {
      "epoch": 21.62,
      "grad_norm": 1.7284191846847534,
      "learning_rate": 0.00025675,
      "loss": 0.1111,
      "step": 173
    },
    {
      "epoch": 21.75,
      "grad_norm": 0.37509050965309143,
      "learning_rate": 0.00025649999999999995,
      "loss": 0.0855,
      "step": 174
    },
    {
      "epoch": 21.88,
      "grad_norm": 0.7776291966438293,
      "learning_rate": 0.00025624999999999997,
      "loss": 0.0969,
      "step": 175
    },
    {
      "epoch": 22.0,
      "grad_norm": 0.38384944200515747,
      "learning_rate": 0.000256,
      "loss": 0.0692,
      "step": 176
    },
    {
      "epoch": 22.0,
      "eval_accuracy": 0.8494623655913979,
      "eval_loss": 1.1775041818618774,
      "eval_runtime": 0.439,
      "eval_samples_per_second": 6.833,
      "eval_steps_per_second": 2.278,
      "step": 176
    },
    {
      "epoch": 22.12,
      "grad_norm": 1.1072801351547241,
      "learning_rate": 0.00025575,
      "loss": 0.1625,
      "step": 177
    },
    {
      "epoch": 22.25,
      "grad_norm": 0.41507863998413086,
      "learning_rate": 0.0002555,
      "loss": 0.0858,
      "step": 178
    },
    {
      "epoch": 22.38,
      "grad_norm": 1.9496405124664307,
      "learning_rate": 0.00025525,
      "loss": 0.0756,
      "step": 179
    },
    {
      "epoch": 22.5,
      "grad_norm": 0.27874815464019775,
      "learning_rate": 0.00025499999999999996,
      "loss": 0.0533,
      "step": 180
    },
    {
      "epoch": 22.62,
      "grad_norm": 0.39716243743896484,
      "learning_rate": 0.00025475,
      "loss": 0.0956,
      "step": 181
    },
    {
      "epoch": 22.75,
      "grad_norm": 0.5313414335250854,
      "learning_rate": 0.0002545,
      "loss": 0.0853,
      "step": 182
    },
    {
      "epoch": 22.88,
      "grad_norm": 1.772346019744873,
      "learning_rate": 0.00025425,
      "loss": 0.0748,
      "step": 183
    },
    {
      "epoch": 23.0,
      "grad_norm": 0.3800901174545288,
      "learning_rate": 0.000254,
      "loss": 0.0699,
      "step": 184
    },
    {
      "epoch": 23.0,
      "eval_accuracy": 0.851743238840013,
      "eval_loss": 1.207334280014038,
      "eval_runtime": 0.4406,
      "eval_samples_per_second": 6.809,
      "eval_steps_per_second": 2.27,
      "step": 184
    },
    {
      "epoch": 23.12,
      "grad_norm": 2.7527222633361816,
      "learning_rate": 0.00025374999999999996,
      "loss": 0.1098,
      "step": 185
    },
    {
      "epoch": 23.25,
      "grad_norm": 2.378664970397949,
      "learning_rate": 0.0002535,
      "loss": 0.0793,
      "step": 186
    },
    {
      "epoch": 23.38,
      "grad_norm": 0.4610541760921478,
      "learning_rate": 0.00025324999999999995,
      "loss": 0.0918,
      "step": 187
    },
    {
      "epoch": 23.5,
      "grad_norm": 0.3708588480949402,
      "learning_rate": 0.00025299999999999997,
      "loss": 0.0681,
      "step": 188
    },
    {
      "epoch": 23.62,
      "grad_norm": 1.1978120803833008,
      "learning_rate": 0.00025275,
      "loss": 0.0786,
      "step": 189
    },
    {
      "epoch": 23.75,
      "grad_norm": 0.3560671806335449,
      "learning_rate": 0.00025249999999999996,
      "loss": 0.0554,
      "step": 190
    },
    {
      "epoch": 23.88,
      "grad_norm": 0.5455670952796936,
      "learning_rate": 0.00025225,
      "loss": 0.0769,
      "step": 191
    },
    {
      "epoch": 24.0,
      "grad_norm": 3.202467203140259,
      "learning_rate": 0.00025199999999999995,
      "loss": 0.2237,
      "step": 192
    },
    {
      "epoch": 24.0,
      "eval_accuracy": 0.8530465949820788,
      "eval_loss": 1.215666651725769,
      "eval_runtime": 0.439,
      "eval_samples_per_second": 6.834,
      "eval_steps_per_second": 2.278,
      "step": 192
    },
    {
      "epoch": 24.12,
      "grad_norm": 0.35437893867492676,
      "learning_rate": 0.00025174999999999997,
      "loss": 0.0736,
      "step": 193
    },
    {
      "epoch": 24.25,
      "grad_norm": 0.6732016205787659,
      "learning_rate": 0.0002515,
      "loss": 0.0627,
      "step": 194
    },
    {
      "epoch": 24.38,
      "grad_norm": 2.849529981613159,
      "learning_rate": 0.00025125,
      "loss": 0.1027,
      "step": 195
    },
    {
      "epoch": 24.5,
      "grad_norm": 4.755357265472412,
      "learning_rate": 0.000251,
      "loss": 0.1098,
      "step": 196
    },
    {
      "epoch": 24.62,
      "grad_norm": 0.9919952750205994,
      "learning_rate": 0.00025075,
      "loss": 0.0596,
      "step": 197
    },
    {
      "epoch": 24.75,
      "grad_norm": 0.4097514748573303,
      "learning_rate": 0.00025049999999999996,
      "loss": 0.0618,
      "step": 198
    },
    {
      "epoch": 24.88,
      "grad_norm": 0.5339410305023193,
      "learning_rate": 0.00025025,
      "loss": 0.0637,
      "step": 199
    },
    {
      "epoch": 25.0,
      "grad_norm": 0.5287095904350281,
      "learning_rate": 0.00025,
      "loss": 0.0793,
      "step": 200
    },
    {
      "epoch": 25.0,
      "eval_accuracy": 0.8540241120886282,
      "eval_loss": 1.217801809310913,
      "eval_runtime": 0.4396,
      "eval_samples_per_second": 6.824,
      "eval_steps_per_second": 2.275,
      "step": 200
    },
    {
      "epoch": 25.12,
      "grad_norm": 8.037654876708984,
      "learning_rate": 0.00024974999999999997,
      "loss": 0.076,
      "step": 201
    },
    {
      "epoch": 25.25,
      "grad_norm": 0.38181647658348083,
      "learning_rate": 0.0002495,
      "loss": 0.0753,
      "step": 202
    },
    {
      "epoch": 25.38,
      "grad_norm": 0.9628337025642395,
      "learning_rate": 0.00024924999999999996,
      "loss": 0.0548,
      "step": 203
    },
    {
      "epoch": 25.5,
      "grad_norm": 7.387991428375244,
      "learning_rate": 0.000249,
      "loss": 0.1212,
      "step": 204
    },
    {
      "epoch": 25.62,
      "grad_norm": 0.8935903906822205,
      "learning_rate": 0.00024875,
      "loss": 0.1081,
      "step": 205
    },
    {
      "epoch": 25.75,
      "grad_norm": 0.44890841841697693,
      "learning_rate": 0.00024849999999999997,
      "loss": 0.0522,
      "step": 206
    },
    {
      "epoch": 25.88,
      "grad_norm": 0.38207265734672546,
      "learning_rate": 0.00024825,
      "loss": 0.0668,
      "step": 207
    },
    {
      "epoch": 26.0,
      "grad_norm": 1.0549777746200562,
      "learning_rate": 0.00024799999999999996,
      "loss": 0.0577,
      "step": 208
    },
    {
      "epoch": 26.0,
      "eval_accuracy": 0.8576083414793092,
      "eval_loss": 1.2177790403366089,
      "eval_runtime": 0.4399,
      "eval_samples_per_second": 6.82,
      "eval_steps_per_second": 2.273,
      "step": 208
    },
    {
      "epoch": 26.12,
      "grad_norm": 0.44113633036613464,
      "learning_rate": 0.00024775,
      "loss": 0.08,
      "step": 209
    },
    {
      "epoch": 26.25,
      "grad_norm": 0.23801520466804504,
      "learning_rate": 0.00024749999999999994,
      "loss": 0.0484,
      "step": 210
    },
    {
      "epoch": 26.38,
      "grad_norm": 0.47469115257263184,
      "learning_rate": 0.00024724999999999997,
      "loss": 0.0744,
      "step": 211
    },
    {
      "epoch": 26.5,
      "grad_norm": 1.1315550804138184,
      "learning_rate": 0.000247,
      "loss": 0.0744,
      "step": 212
    },
    {
      "epoch": 26.62,
      "grad_norm": 0.5602593421936035,
      "learning_rate": 0.00024675,
      "loss": 0.065,
      "step": 213
    },
    {
      "epoch": 26.75,
      "grad_norm": 0.7924306988716125,
      "learning_rate": 0.0002465,
      "loss": 0.0648,
      "step": 214
    },
    {
      "epoch": 26.88,
      "grad_norm": 6.979532241821289,
      "learning_rate": 0.00024625,
      "loss": 0.0803,
      "step": 215
    },
    {
      "epoch": 27.0,
      "grad_norm": 1.4188259840011597,
      "learning_rate": 0.00024599999999999996,
      "loss": 0.0835,
      "step": 216
    },
    {
      "epoch": 27.0,
      "eval_accuracy": 0.8501140436624307,
      "eval_loss": 1.237484097480774,
      "eval_runtime": 0.4398,
      "eval_samples_per_second": 6.821,
      "eval_steps_per_second": 2.274,
      "step": 216
    },
    {
      "epoch": 27.12,
      "grad_norm": 0.5056163668632507,
      "learning_rate": 0.00024575,
      "loss": 0.0695,
      "step": 217
    },
    {
      "epoch": 27.25,
      "grad_norm": 0.9456103444099426,
      "learning_rate": 0.0002455,
      "loss": 0.1037,
      "step": 218
    },
    {
      "epoch": 27.38,
      "grad_norm": 1.3714773654937744,
      "learning_rate": 0.00024524999999999997,
      "loss": 0.0594,
      "step": 219
    },
    {
      "epoch": 27.5,
      "grad_norm": 0.6502972841262817,
      "learning_rate": 0.000245,
      "loss": 0.0684,
      "step": 220
    },
    {
      "epoch": 27.62,
      "grad_norm": 0.34005919098854065,
      "learning_rate": 0.00024474999999999996,
      "loss": 0.0661,
      "step": 221
    },
    {
      "epoch": 27.75,
      "grad_norm": 3.4055752754211426,
      "learning_rate": 0.0002445,
      "loss": 0.085,
      "step": 222
    },
    {
      "epoch": 27.88,
      "grad_norm": 0.8627118468284607,
      "learning_rate": 0.00024425,
      "loss": 0.0981,
      "step": 223
    },
    {
      "epoch": 28.0,
      "grad_norm": 1.1899652481079102,
      "learning_rate": 0.000244,
      "loss": 0.0651,
      "step": 224
    },
    {
      "epoch": 28.0,
      "eval_accuracy": 0.8576083414793092,
      "eval_loss": 1.184584379196167,
      "eval_runtime": 0.4408,
      "eval_samples_per_second": 6.806,
      "eval_steps_per_second": 2.269,
      "step": 224
    },
    {
      "epoch": 28.12,
      "grad_norm": 1.0650944709777832,
      "learning_rate": 0.00024375,
      "loss": 0.094,
      "step": 225
    },
    {
      "epoch": 28.25,
      "grad_norm": 0.2353825569152832,
      "learning_rate": 0.00024349999999999998,
      "loss": 0.0486,
      "step": 226
    },
    {
      "epoch": 28.38,
      "grad_norm": 0.8114250898361206,
      "learning_rate": 0.00024324999999999998,
      "loss": 0.1384,
      "step": 227
    },
    {
      "epoch": 28.5,
      "grad_norm": 0.757978618144989,
      "learning_rate": 0.000243,
      "loss": 0.0528,
      "step": 228
    },
    {
      "epoch": 28.62,
      "grad_norm": 0.9708466529846191,
      "learning_rate": 0.00024275,
      "loss": 0.1018,
      "step": 229
    },
    {
      "epoch": 28.75,
      "grad_norm": 0.31582531332969666,
      "learning_rate": 0.00024249999999999999,
      "loss": 0.0556,
      "step": 230
    },
    {
      "epoch": 28.88,
      "grad_norm": 1.0123454332351685,
      "learning_rate": 0.00024224999999999998,
      "loss": 0.1297,
      "step": 231
    },
    {
      "epoch": 29.0,
      "grad_norm": 0.5742340087890625,
      "learning_rate": 0.00024199999999999997,
      "loss": 0.0772,
      "step": 232
    },
    {
      "epoch": 29.0,
      "eval_accuracy": 0.8533724340175953,
      "eval_loss": 1.1782249212265015,
      "eval_runtime": 0.4391,
      "eval_samples_per_second": 6.832,
      "eval_steps_per_second": 2.277,
      "step": 232
    },
    {
      "epoch": 29.12,
      "grad_norm": 0.7122161984443665,
      "learning_rate": 0.00024174999999999997,
      "loss": 0.0579,
      "step": 233
    },
    {
      "epoch": 29.25,
      "grad_norm": 1.3448598384857178,
      "learning_rate": 0.0002415,
      "loss": 0.0721,
      "step": 234
    },
    {
      "epoch": 29.38,
      "grad_norm": 0.6149612069129944,
      "learning_rate": 0.00024124999999999998,
      "loss": 0.1074,
      "step": 235
    },
    {
      "epoch": 29.5,
      "grad_norm": 0.36497917771339417,
      "learning_rate": 0.00024099999999999998,
      "loss": 0.0687,
      "step": 236
    },
    {
      "epoch": 29.62,
      "grad_norm": 0.925477147102356,
      "learning_rate": 0.00024074999999999997,
      "loss": 0.0767,
      "step": 237
    },
    {
      "epoch": 29.75,
      "grad_norm": 0.31902119517326355,
      "learning_rate": 0.00024049999999999996,
      "loss": 0.0671,
      "step": 238
    },
    {
      "epoch": 29.88,
      "grad_norm": 0.30665719509124756,
      "learning_rate": 0.00024024999999999996,
      "loss": 0.0954,
      "step": 239
    },
    {
      "epoch": 30.0,
      "grad_norm": 1.5517148971557617,
      "learning_rate": 0.00023999999999999998,
      "loss": 0.0616,
      "step": 240
    },
    {
      "epoch": 30.0,
      "eval_accuracy": 0.8536982730531117,
      "eval_loss": 1.2460938692092896,
      "eval_runtime": 0.439,
      "eval_samples_per_second": 6.833,
      "eval_steps_per_second": 2.278,
      "step": 240
    },
    {
      "epoch": 30.12,
      "grad_norm": 0.27210748195648193,
      "learning_rate": 0.00023975,
      "loss": 0.0547,
      "step": 241
    },
    {
      "epoch": 30.25,
      "grad_norm": 0.39249521493911743,
      "learning_rate": 0.0002395,
      "loss": 0.0532,
      "step": 242
    },
    {
      "epoch": 30.38,
      "grad_norm": 2.794381618499756,
      "learning_rate": 0.00023925,
      "loss": 0.0993,
      "step": 243
    },
    {
      "epoch": 30.5,
      "grad_norm": 1.1400436162948608,
      "learning_rate": 0.00023899999999999998,
      "loss": 0.05,
      "step": 244
    },
    {
      "epoch": 30.62,
      "grad_norm": 0.4511342942714691,
      "learning_rate": 0.00023874999999999998,
      "loss": 0.1145,
      "step": 245
    },
    {
      "epoch": 30.75,
      "grad_norm": 1.0886740684509277,
      "learning_rate": 0.0002385,
      "loss": 0.104,
      "step": 246
    },
    {
      "epoch": 30.88,
      "grad_norm": 0.36895671486854553,
      "learning_rate": 0.00023825,
      "loss": 0.0569,
      "step": 247
    },
    {
      "epoch": 31.0,
      "grad_norm": 0.3326951861381531,
      "learning_rate": 0.00023799999999999998,
      "loss": 0.054,
      "step": 248
    },
    {
      "epoch": 31.0,
      "eval_accuracy": 0.8569566634082764,
      "eval_loss": 1.218508243560791,
      "eval_runtime": 0.4392,
      "eval_samples_per_second": 6.831,
      "eval_steps_per_second": 2.277,
      "step": 248
    },
    {
      "epoch": 31.12,
      "grad_norm": 7.193814754486084,
      "learning_rate": 0.00023774999999999998,
      "loss": 0.0483,
      "step": 249
    },
    {
      "epoch": 31.25,
      "grad_norm": 0.26205459237098694,
      "learning_rate": 0.00023749999999999997,
      "loss": 0.0629,
      "step": 250
    },
    {
      "epoch": 31.38,
      "grad_norm": 0.6968989968299866,
      "learning_rate": 0.00023725,
      "loss": 0.0724,
      "step": 251
    },
    {
      "epoch": 31.5,
      "grad_norm": 0.655722975730896,
      "learning_rate": 0.000237,
      "loss": 0.0541,
      "step": 252
    },
    {
      "epoch": 31.62,
      "grad_norm": 0.37671712040901184,
      "learning_rate": 0.00023674999999999998,
      "loss": 0.051,
      "step": 253
    },
    {
      "epoch": 31.75,
      "grad_norm": 0.34925320744514465,
      "learning_rate": 0.00023649999999999998,
      "loss": 0.0536,
      "step": 254
    },
    {
      "epoch": 31.88,
      "grad_norm": 0.37629497051239014,
      "learning_rate": 0.00023624999999999997,
      "loss": 0.0552,
      "step": 255
    },
    {
      "epoch": 32.0,
      "grad_norm": 4.828568458557129,
      "learning_rate": 0.00023599999999999996,
      "loss": 0.0788,
      "step": 256
    },
    {
      "epoch": 32.0,
      "eval_accuracy": 0.855979146301727,
      "eval_loss": 1.2215372323989868,
      "eval_runtime": 0.4405,
      "eval_samples_per_second": 6.81,
      "eval_steps_per_second": 2.27,
      "step": 256
    },
    {
      "epoch": 32.12,
      "grad_norm": 0.2409948855638504,
      "learning_rate": 0.00023574999999999998,
      "loss": 0.0448,
      "step": 257
    },
    {
      "epoch": 32.25,
      "grad_norm": 0.2633812725543976,
      "learning_rate": 0.00023549999999999998,
      "loss": 0.0449,
      "step": 258
    },
    {
      "epoch": 32.38,
      "grad_norm": 0.6339331865310669,
      "learning_rate": 0.00023524999999999997,
      "loss": 0.0623,
      "step": 259
    },
    {
      "epoch": 32.5,
      "grad_norm": 0.44816362857818604,
      "learning_rate": 0.00023499999999999997,
      "loss": 0.0322,
      "step": 260
    },
    {
      "epoch": 32.62,
      "grad_norm": 2.215907096862793,
      "learning_rate": 0.00023474999999999996,
      "loss": 0.0736,
      "step": 261
    },
    {
      "epoch": 32.75,
      "grad_norm": 1.6007630825042725,
      "learning_rate": 0.00023449999999999995,
      "loss": 0.082,
      "step": 262
    },
    {
      "epoch": 32.88,
      "grad_norm": 1.224115014076233,
      "learning_rate": 0.00023425,
      "loss": 0.1104,
      "step": 263
    },
    {
      "epoch": 33.0,
      "grad_norm": 0.4986996054649353,
      "learning_rate": 0.000234,
      "loss": 0.0429,
      "step": 264
    },
    {
      "epoch": 33.0,
      "eval_accuracy": 0.8566308243727598,
      "eval_loss": 1.2292057275772095,
      "eval_runtime": 0.4404,
      "eval_samples_per_second": 6.812,
      "eval_steps_per_second": 2.271,
      "step": 264
    },
    {
      "epoch": 33.12,
      "grad_norm": 0.8944478034973145,
      "learning_rate": 0.00023375,
      "loss": 0.05,
      "step": 265
    },
    {
      "epoch": 33.25,
      "grad_norm": 16.37081527709961,
      "learning_rate": 0.00023349999999999998,
      "loss": 0.0609,
      "step": 266
    },
    {
      "epoch": 33.38,
      "grad_norm": 0.3160598576068878,
      "learning_rate": 0.00023324999999999998,
      "loss": 0.039,
      "step": 267
    },
    {
      "epoch": 33.5,
      "grad_norm": 0.31973862648010254,
      "learning_rate": 0.00023299999999999997,
      "loss": 0.0499,
      "step": 268
    },
    {
      "epoch": 33.62,
      "grad_norm": 1.9837816953659058,
      "learning_rate": 0.00023275,
      "loss": 0.0739,
      "step": 269
    },
    {
      "epoch": 33.75,
      "grad_norm": 0.3447895348072052,
      "learning_rate": 0.00023249999999999999,
      "loss": 0.0577,
      "step": 270
    },
    {
      "epoch": 33.88,
      "grad_norm": 0.3141172528266907,
      "learning_rate": 0.00023224999999999998,
      "loss": 0.0411,
      "step": 271
    },
    {
      "epoch": 34.0,
      "grad_norm": 0.7681141495704651,
      "learning_rate": 0.00023199999999999997,
      "loss": 0.0527,
      "step": 272
    },
    {
      "epoch": 34.0,
      "eval_accuracy": 0.855327468230694,
      "eval_loss": 1.2255219221115112,
      "eval_runtime": 0.439,
      "eval_samples_per_second": 6.833,
      "eval_steps_per_second": 2.278,
      "step": 272
    },
    {
      "epoch": 34.12,
      "grad_norm": 0.9807515144348145,
      "learning_rate": 0.00023174999999999997,
      "loss": 0.055,
      "step": 273
    },
    {
      "epoch": 34.25,
      "grad_norm": 0.23250272870063782,
      "learning_rate": 0.00023149999999999996,
      "loss": 0.0363,
      "step": 274
    },
    {
      "epoch": 34.38,
      "grad_norm": 0.5562849640846252,
      "learning_rate": 0.00023124999999999998,
      "loss": 0.0708,
      "step": 275
    },
    {
      "epoch": 34.5,
      "grad_norm": 0.24676860868930817,
      "learning_rate": 0.00023099999999999998,
      "loss": 0.0452,
      "step": 276
    },
    {
      "epoch": 34.62,
      "grad_norm": 0.17964932322502136,
      "learning_rate": 0.00023074999999999997,
      "loss": 0.0305,
      "step": 277
    },
    {
      "epoch": 34.75,
      "grad_norm": 6.001166820526123,
      "learning_rate": 0.00023049999999999996,
      "loss": 0.0798,
      "step": 278
    },
    {
      "epoch": 34.88,
      "grad_norm": 0.21314632892608643,
      "learning_rate": 0.00023024999999999996,
      "loss": 0.0518,
      "step": 279
    },
    {
      "epoch": 35.0,
      "grad_norm": 1.2156902551651,
      "learning_rate": 0.00023,
      "loss": 0.0415,
      "step": 280
    },
    {
      "epoch": 35.0,
      "eval_accuracy": 0.8595633756924079,
      "eval_loss": 1.2356748580932617,
      "eval_runtime": 0.4392,
      "eval_samples_per_second": 6.831,
      "eval_steps_per_second": 2.277,
      "step": 280
    },
    {
      "epoch": 35.12,
      "grad_norm": 0.9338204860687256,
      "learning_rate": 0.00022975,
      "loss": 0.0758,
      "step": 281
    },
    {
      "epoch": 35.25,
      "grad_norm": 0.4267967641353607,
      "learning_rate": 0.0002295,
      "loss": 0.0445,
      "step": 282
    },
    {
      "epoch": 35.38,
      "grad_norm": 0.3019666075706482,
      "learning_rate": 0.00022925,
      "loss": 0.0391,
      "step": 283
    },
    {
      "epoch": 35.5,
      "grad_norm": 0.709496259689331,
      "learning_rate": 0.00022899999999999998,
      "loss": 0.0667,
      "step": 284
    },
    {
      "epoch": 35.62,
      "grad_norm": 0.311773419380188,
      "learning_rate": 0.00022874999999999998,
      "loss": 0.0453,
      "step": 285
    },
    {
      "epoch": 35.75,
      "grad_norm": 0.33380305767059326,
      "learning_rate": 0.0002285,
      "loss": 0.0544,
      "step": 286
    },
    {
      "epoch": 35.88,
      "grad_norm": 0.3700742721557617,
      "learning_rate": 0.00022825,
      "loss": 0.0325,
      "step": 287
    },
    {
      "epoch": 36.0,
      "grad_norm": 0.31427085399627686,
      "learning_rate": 0.00022799999999999999,
      "loss": 0.0314,
      "step": 288
    },
    {
      "epoch": 36.0,
      "eval_accuracy": 0.863147605083089,
      "eval_loss": 1.2641648054122925,
      "eval_runtime": 0.4391,
      "eval_samples_per_second": 6.832,
      "eval_steps_per_second": 2.277,
      "step": 288
    },
    {
      "epoch": 36.12,
      "grad_norm": 0.5882326364517212,
      "learning_rate": 0.00022774999999999998,
      "loss": 0.048,
      "step": 289
    },
    {
      "epoch": 36.25,
      "grad_norm": 0.4229510724544525,
      "learning_rate": 0.00022749999999999997,
      "loss": 0.0298,
      "step": 290
    },
    {
      "epoch": 36.38,
      "grad_norm": 0.6717377305030823,
      "learning_rate": 0.00022724999999999997,
      "loss": 0.0458,
      "step": 291
    },
    {
      "epoch": 36.5,
      "grad_norm": 0.7071987986564636,
      "learning_rate": 0.000227,
      "loss": 0.0454,
      "step": 292
    },
    {
      "epoch": 36.62,
      "grad_norm": 1.7703007459640503,
      "learning_rate": 0.00022674999999999998,
      "loss": 0.0577,
      "step": 293
    },
    {
      "epoch": 36.75,
      "grad_norm": 0.25284987688064575,
      "learning_rate": 0.00022649999999999998,
      "loss": 0.0475,
      "step": 294
    },
    {
      "epoch": 36.88,
      "grad_norm": 0.28294500708580017,
      "learning_rate": 0.00022624999999999997,
      "loss": 0.0326,
      "step": 295
    },
    {
      "epoch": 37.0,
      "grad_norm": 0.6038596630096436,
      "learning_rate": 0.00022599999999999996,
      "loss": 0.0423,
      "step": 296
    },
    {
      "epoch": 37.0,
      "eval_accuracy": 0.8569566634082764,
      "eval_loss": 1.267992377281189,
      "eval_runtime": 0.4426,
      "eval_samples_per_second": 6.778,
      "eval_steps_per_second": 2.259,
      "step": 296
    },
    {
      "epoch": 37.12,
      "grad_norm": 0.2802792489528656,
      "learning_rate": 0.00022574999999999996,
      "loss": 0.0467,
      "step": 297
    },
    {
      "epoch": 37.25,
      "grad_norm": 0.6999877095222473,
      "learning_rate": 0.00022549999999999998,
      "loss": 0.0407,
      "step": 298
    },
    {
      "epoch": 37.38,
      "grad_norm": 0.4722643792629242,
      "learning_rate": 0.00022524999999999997,
      "loss": 0.0619,
      "step": 299
    },
    {
      "epoch": 37.5,
      "grad_norm": 0.38779810070991516,
      "learning_rate": 0.000225,
      "loss": 0.0262,
      "step": 300
    },
    {
      "epoch": 37.62,
      "grad_norm": 0.6792100667953491,
      "learning_rate": 0.00022475,
      "loss": 0.043,
      "step": 301
    },
    {
      "epoch": 37.75,
      "grad_norm": 0.278707891702652,
      "learning_rate": 0.00022449999999999998,
      "loss": 0.0466,
      "step": 302
    },
    {
      "epoch": 37.88,
      "grad_norm": 3.091247081756592,
      "learning_rate": 0.00022425,
      "loss": 0.0435,
      "step": 303
    },
    {
      "epoch": 38.0,
      "grad_norm": 0.8080814480781555,
      "learning_rate": 0.000224,
      "loss": 0.047,
      "step": 304
    },
    {
      "epoch": 38.0,
      "eval_accuracy": 0.8615184099055067,
      "eval_loss": 1.2696391344070435,
      "eval_runtime": 0.4395,
      "eval_samples_per_second": 6.826,
      "eval_steps_per_second": 2.275,
      "step": 304
    },
    {
      "epoch": 38.12,
      "grad_norm": 0.27013733983039856,
      "learning_rate": 0.00022375,
      "loss": 0.044,
      "step": 305
    },
    {
      "epoch": 38.25,
      "grad_norm": 0.9384667873382568,
      "learning_rate": 0.00022349999999999998,
      "loss": 0.0625,
      "step": 306
    },
    {
      "epoch": 38.38,
      "grad_norm": 0.46510887145996094,
      "learning_rate": 0.00022324999999999998,
      "loss": 0.0495,
      "step": 307
    },
    {
      "epoch": 38.5,
      "grad_norm": 0.4197893738746643,
      "learning_rate": 0.00022299999999999997,
      "loss": 0.0448,
      "step": 308
    },
    {
      "epoch": 38.62,
      "grad_norm": 1.3053323030471802,
      "learning_rate": 0.00022275,
      "loss": 0.0559,
      "step": 309
    },
    {
      "epoch": 38.75,
      "grad_norm": 0.573781430721283,
      "learning_rate": 0.0002225,
      "loss": 0.0513,
      "step": 310
    },
    {
      "epoch": 38.88,
      "grad_norm": 0.2241644710302353,
      "learning_rate": 0.00022224999999999998,
      "loss": 0.0202,
      "step": 311
    },
    {
      "epoch": 39.0,
      "grad_norm": 0.4977092742919922,
      "learning_rate": 0.00022199999999999998,
      "loss": 0.0303,
      "step": 312
    },
    {
      "epoch": 39.0,
      "eval_accuracy": 0.8608667318344738,
      "eval_loss": 1.263100028038025,
      "eval_runtime": 0.4395,
      "eval_samples_per_second": 6.826,
      "eval_steps_per_second": 2.275,
      "step": 312
    },
    {
      "epoch": 39.12,
      "grad_norm": 0.2910270690917969,
      "learning_rate": 0.00022174999999999997,
      "loss": 0.0304,
      "step": 313
    },
    {
      "epoch": 39.25,
      "grad_norm": 0.48214733600616455,
      "learning_rate": 0.00022149999999999996,
      "loss": 0.0432,
      "step": 314
    },
    {
      "epoch": 39.38,
      "grad_norm": 0.4947550594806671,
      "learning_rate": 0.00022124999999999998,
      "loss": 0.0388,
      "step": 315
    },
    {
      "epoch": 39.5,
      "grad_norm": 2.34132719039917,
      "learning_rate": 0.00022099999999999998,
      "loss": 0.0279,
      "step": 316
    },
    {
      "epoch": 39.62,
      "grad_norm": 0.4590551555156708,
      "learning_rate": 0.00022074999999999997,
      "loss": 0.0526,
      "step": 317
    },
    {
      "epoch": 39.75,
      "grad_norm": 0.3142804801464081,
      "learning_rate": 0.00022049999999999997,
      "loss": 0.0411,
      "step": 318
    },
    {
      "epoch": 39.88,
      "grad_norm": 0.4691044092178345,
      "learning_rate": 0.00022024999999999996,
      "loss": 0.0424,
      "step": 319
    },
    {
      "epoch": 40.0,
      "grad_norm": 0.3714907169342041,
      "learning_rate": 0.00021999999999999995,
      "loss": 0.0388,
      "step": 320
    },
    {
      "epoch": 40.0,
      "eval_accuracy": 0.8608667318344738,
      "eval_loss": 1.2473969459533691,
      "eval_runtime": 0.4397,
      "eval_samples_per_second": 6.823,
      "eval_steps_per_second": 2.274,
      "step": 320
    },
    {
      "epoch": 40.12,
      "grad_norm": 0.35095158219337463,
      "learning_rate": 0.00021975,
      "loss": 0.0186,
      "step": 321
    },
    {
      "epoch": 40.25,
      "grad_norm": 0.9921692609786987,
      "learning_rate": 0.0002195,
      "loss": 0.0552,
      "step": 322
    },
    {
      "epoch": 40.38,
      "grad_norm": 0.6714335083961487,
      "learning_rate": 0.00021925,
      "loss": 0.0445,
      "step": 323
    },
    {
      "epoch": 40.5,
      "grad_norm": 0.382921040058136,
      "learning_rate": 0.00021899999999999998,
      "loss": 0.0428,
      "step": 324
    },
    {
      "epoch": 40.62,
      "grad_norm": 0.3352631628513336,
      "learning_rate": 0.00021874999999999998,
      "loss": 0.0457,
      "step": 325
    },
    {
      "epoch": 40.75,
      "grad_norm": 0.40723317861557007,
      "learning_rate": 0.0002185,
      "loss": 0.038,
      "step": 326
    },
    {
      "epoch": 40.88,
      "grad_norm": 0.6179026961326599,
      "learning_rate": 0.00021825,
      "loss": 0.0439,
      "step": 327
    },
    {
      "epoch": 41.0,
      "grad_norm": 0.35622623562812805,
      "learning_rate": 0.00021799999999999999,
      "loss": 0.0387,
      "step": 328
    },
    {
      "epoch": 41.0,
      "eval_accuracy": 0.8657543173672206,
      "eval_loss": 1.2633943557739258,
      "eval_runtime": 0.4389,
      "eval_samples_per_second": 6.836,
      "eval_steps_per_second": 2.279,
      "step": 328
    },
    {
      "epoch": 41.12,
      "grad_norm": 0.4076606035232544,
      "learning_rate": 0.00021774999999999998,
      "loss": 0.0176,
      "step": 329
    },
    {
      "epoch": 41.25,
      "grad_norm": 0.4059564471244812,
      "learning_rate": 0.00021749999999999997,
      "loss": 0.0458,
      "step": 330
    },
    {
      "epoch": 41.38,
      "grad_norm": 0.32587730884552,
      "learning_rate": 0.00021724999999999997,
      "loss": 0.0345,
      "step": 331
    },
    {
      "epoch": 41.5,
      "grad_norm": 0.3453311622142792,
      "learning_rate": 0.000217,
      "loss": 0.0321,
      "step": 332
    },
    {
      "epoch": 41.62,
      "grad_norm": 0.46055397391319275,
      "learning_rate": 0.00021674999999999998,
      "loss": 0.0365,
      "step": 333
    },
    {
      "epoch": 41.75,
      "grad_norm": 0.34904783964157104,
      "learning_rate": 0.00021649999999999998,
      "loss": 0.0409,
      "step": 334
    },
    {
      "epoch": 41.88,
      "grad_norm": 0.45805078744888306,
      "learning_rate": 0.00021624999999999997,
      "loss": 0.0415,
      "step": 335
    },
    {
      "epoch": 42.0,
      "grad_norm": 7.288857460021973,
      "learning_rate": 0.00021599999999999996,
      "loss": 0.0912,
      "step": 336
    },
    {
      "epoch": 42.0,
      "eval_accuracy": 0.8611925708699902,
      "eval_loss": 1.2940056324005127,
      "eval_runtime": 0.4392,
      "eval_samples_per_second": 6.831,
      "eval_steps_per_second": 2.277,
      "step": 336
    },
    {
      "epoch": 42.12,
      "grad_norm": 0.33392807841300964,
      "learning_rate": 0.00021574999999999996,
      "loss": 0.0337,
      "step": 337
    },
    {
      "epoch": 42.25,
      "grad_norm": 0.570488452911377,
      "learning_rate": 0.0002155,
      "loss": 0.0279,
      "step": 338
    },
    {
      "epoch": 42.38,
      "grad_norm": 2.744849920272827,
      "learning_rate": 0.00021525,
      "loss": 0.0526,
      "step": 339
    },
    {
      "epoch": 42.5,
      "grad_norm": 0.2661060094833374,
      "learning_rate": 0.000215,
      "loss": 0.0344,
      "step": 340
    },
    {
      "epoch": 42.62,
      "grad_norm": 0.6012715697288513,
      "learning_rate": 0.00021475,
      "loss": 0.0533,
      "step": 341
    },
    {
      "epoch": 42.75,
      "grad_norm": 0.2673792541027069,
      "learning_rate": 0.00021449999999999998,
      "loss": 0.0506,
      "step": 342
    },
    {
      "epoch": 42.88,
      "grad_norm": 1.0158237218856812,
      "learning_rate": 0.00021424999999999998,
      "loss": 0.0218,
      "step": 343
    },
    {
      "epoch": 43.0,
      "grad_norm": 0.6646940112113953,
      "learning_rate": 0.000214,
      "loss": 0.0414,
      "step": 344
    },
    {
      "epoch": 43.0,
      "eval_accuracy": 0.8602150537634409,
      "eval_loss": 1.3016878366470337,
      "eval_runtime": 0.4388,
      "eval_samples_per_second": 6.837,
      "eval_steps_per_second": 2.279,
      "step": 344
    },
    {
      "epoch": 43.12,
      "grad_norm": 0.25830918550491333,
      "learning_rate": 0.00021375,
      "loss": 0.0229,
      "step": 345
    },
    {
      "epoch": 43.25,
      "grad_norm": 0.17056642472743988,
      "learning_rate": 0.00021349999999999999,
      "loss": 0.0269,
      "step": 346
    },
    {
      "epoch": 43.38,
      "grad_norm": 0.49213406443595886,
      "learning_rate": 0.00021324999999999998,
      "loss": 0.032,
      "step": 347
    },
    {
      "epoch": 43.5,
      "grad_norm": 1.779312252998352,
      "learning_rate": 0.00021299999999999997,
      "loss": 0.0438,
      "step": 348
    },
    {
      "epoch": 43.62,
      "grad_norm": 0.846474826335907,
      "learning_rate": 0.00021274999999999997,
      "loss": 0.0429,
      "step": 349
    },
    {
      "epoch": 43.75,
      "grad_norm": 1.9656661748886108,
      "learning_rate": 0.0002125,
      "loss": 0.0388,
      "step": 350
    },
    {
      "epoch": 43.88,
      "grad_norm": 0.30246707797050476,
      "learning_rate": 0.00021224999999999998,
      "loss": 0.0468,
      "step": 351
    },
    {
      "epoch": 44.0,
      "grad_norm": 0.5552935600280762,
      "learning_rate": 0.00021199999999999998,
      "loss": 0.0288,
      "step": 352
    },
    {
      "epoch": 44.0,
      "eval_accuracy": 0.8637992831541219,
      "eval_loss": 1.3080534934997559,
      "eval_runtime": 0.4397,
      "eval_samples_per_second": 6.822,
      "eval_steps_per_second": 2.274,
      "step": 352
    },
    {
      "epoch": 44.12,
      "grad_norm": 0.26827746629714966,
      "learning_rate": 0.00021174999999999997,
      "loss": 0.0283,
      "step": 353
    },
    {
      "epoch": 44.25,
      "grad_norm": 2.2161285877227783,
      "learning_rate": 0.00021149999999999996,
      "loss": 0.0415,
      "step": 354
    },
    {
      "epoch": 44.38,
      "grad_norm": 0.33677947521209717,
      "learning_rate": 0.00021124999999999998,
      "loss": 0.0385,
      "step": 355
    },
    {
      "epoch": 44.5,
      "grad_norm": 0.7091231346130371,
      "learning_rate": 0.00021099999999999998,
      "loss": 0.0536,
      "step": 356
    },
    {
      "epoch": 44.62,
      "grad_norm": 0.7364978194236755,
      "learning_rate": 0.00021074999999999997,
      "loss": 0.0186,
      "step": 357
    },
    {
      "epoch": 44.75,
      "grad_norm": 12.1310453414917,
      "learning_rate": 0.00021049999999999997,
      "loss": 0.0354,
      "step": 358
    },
    {
      "epoch": 44.88,
      "grad_norm": 0.4859459102153778,
      "learning_rate": 0.00021024999999999996,
      "loss": 0.0457,
      "step": 359
    },
    {
      "epoch": 45.0,
      "grad_norm": 0.2926870584487915,
      "learning_rate": 0.00020999999999999998,
      "loss": 0.0235,
      "step": 360
    },
    {
      "epoch": 45.0,
      "eval_accuracy": 0.8621700879765396,
      "eval_loss": 1.2886697053909302,
      "eval_runtime": 0.4385,
      "eval_samples_per_second": 6.841,
      "eval_steps_per_second": 2.28,
      "step": 360
    },
    {
      "epoch": 45.12,
      "grad_norm": 0.6978012919425964,
      "learning_rate": 0.00020975,
      "loss": 0.0359,
      "step": 361
    },
    {
      "epoch": 45.25,
      "grad_norm": 0.8375470638275146,
      "learning_rate": 0.0002095,
      "loss": 0.0165,
      "step": 362
    },
    {
      "epoch": 45.38,
      "grad_norm": 0.3447331488132477,
      "learning_rate": 0.00020925,
      "loss": 0.023,
      "step": 363
    },
    {
      "epoch": 45.5,
      "grad_norm": 0.39345061779022217,
      "learning_rate": 0.00020899999999999998,
      "loss": 0.037,
      "step": 364
    },
    {
      "epoch": 45.62,
      "grad_norm": 0.40441641211509705,
      "learning_rate": 0.00020874999999999998,
      "loss": 0.0351,
      "step": 365
    },
    {
      "epoch": 45.75,
      "grad_norm": 0.26481783390045166,
      "learning_rate": 0.00020849999999999997,
      "loss": 0.0281,
      "step": 366
    },
    {
      "epoch": 45.88,
      "grad_norm": 0.311693012714386,
      "learning_rate": 0.00020825,
      "loss": 0.0323,
      "step": 367
    },
    {
      "epoch": 46.0,
      "grad_norm": 0.3636225163936615,
      "learning_rate": 0.000208,
      "loss": 0.019,
      "step": 368
    },
    {
      "epoch": 46.0,
      "eval_accuracy": 0.86673183447377,
      "eval_loss": 1.3002630472183228,
      "eval_runtime": 0.4392,
      "eval_samples_per_second": 6.831,
      "eval_steps_per_second": 2.277,
      "step": 368
    },
    {
      "epoch": 46.12,
      "grad_norm": 0.6392017006874084,
      "learning_rate": 0.00020774999999999998,
      "loss": 0.02,
      "step": 369
    },
    {
      "epoch": 46.25,
      "grad_norm": 1.6418825387954712,
      "learning_rate": 0.00020749999999999998,
      "loss": 0.0261,
      "step": 370
    },
    {
      "epoch": 46.38,
      "grad_norm": 0.282541960477829,
      "learning_rate": 0.00020724999999999997,
      "loss": 0.0302,
      "step": 371
    },
    {
      "epoch": 46.5,
      "grad_norm": 0.353798508644104,
      "learning_rate": 0.00020699999999999996,
      "loss": 0.0232,
      "step": 372
    },
    {
      "epoch": 46.62,
      "grad_norm": 2.898240089416504,
      "learning_rate": 0.00020674999999999998,
      "loss": 0.044,
      "step": 373
    },
    {
      "epoch": 46.75,
      "grad_norm": 0.23362913727760315,
      "learning_rate": 0.00020649999999999998,
      "loss": 0.0233,
      "step": 374
    },
    {
      "epoch": 46.88,
      "grad_norm": 0.5535978078842163,
      "learning_rate": 0.00020624999999999997,
      "loss": 0.0335,
      "step": 375
    },
    {
      "epoch": 47.0,
      "grad_norm": 0.938456654548645,
      "learning_rate": 0.00020599999999999997,
      "loss": 0.0125,
      "step": 376
    },
    {
      "epoch": 47.0,
      "eval_accuracy": 0.86673183447377,
      "eval_loss": 1.334681510925293,
      "eval_runtime": 0.4396,
      "eval_samples_per_second": 6.825,
      "eval_steps_per_second": 2.275,
      "step": 376
    },
    {
      "epoch": 47.12,
      "grad_norm": 0.7418020367622375,
      "learning_rate": 0.00020574999999999996,
      "loss": 0.0237,
      "step": 377
    },
    {
      "epoch": 47.25,
      "grad_norm": 0.4746320843696594,
      "learning_rate": 0.0002055,
      "loss": 0.0283,
      "step": 378
    },
    {
      "epoch": 47.38,
      "grad_norm": 0.3937765657901764,
      "learning_rate": 0.00020525,
      "loss": 0.0284,
      "step": 379
    },
    {
      "epoch": 47.5,
      "grad_norm": 0.336586058139801,
      "learning_rate": 0.000205,
      "loss": 0.0269,
      "step": 380
    },
    {
      "epoch": 47.62,
      "grad_norm": 0.47826918959617615,
      "learning_rate": 0.00020475,
      "loss": 0.0308,
      "step": 381
    },
    {
      "epoch": 47.75,
      "grad_norm": 0.42743435502052307,
      "learning_rate": 0.00020449999999999998,
      "loss": 0.0318,
      "step": 382
    },
    {
      "epoch": 47.88,
      "grad_norm": 0.4380911886692047,
      "learning_rate": 0.00020424999999999998,
      "loss": 0.0267,
      "step": 383
    },
    {
      "epoch": 48.0,
      "grad_norm": 0.29319462180137634,
      "learning_rate": 0.000204,
      "loss": 0.0202,
      "step": 384
    },
    {
      "epoch": 48.0,
      "eval_accuracy": 0.8602150537634409,
      "eval_loss": 1.3574434518814087,
      "eval_runtime": 0.4398,
      "eval_samples_per_second": 6.822,
      "eval_steps_per_second": 2.274,
      "step": 384
    },
    {
      "epoch": 48.12,
      "grad_norm": 0.21572674810886383,
      "learning_rate": 0.00020375,
      "loss": 0.029,
      "step": 385
    },
    {
      "epoch": 48.25,
      "grad_norm": 4.104004859924316,
      "learning_rate": 0.00020349999999999999,
      "loss": 0.0321,
      "step": 386
    },
    {
      "epoch": 48.38,
      "grad_norm": 0.7760812044143677,
      "learning_rate": 0.00020324999999999998,
      "loss": 0.0486,
      "step": 387
    },
    {
      "epoch": 48.5,
      "grad_norm": 0.34087935090065,
      "learning_rate": 0.00020299999999999997,
      "loss": 0.0222,
      "step": 388
    },
    {
      "epoch": 48.62,
      "grad_norm": 0.4725857079029083,
      "learning_rate": 0.00020274999999999997,
      "loss": 0.0262,
      "step": 389
    },
    {
      "epoch": 48.75,
      "grad_norm": 1.9219533205032349,
      "learning_rate": 0.0002025,
      "loss": 0.0209,
      "step": 390
    },
    {
      "epoch": 48.88,
      "grad_norm": 0.348527729511261,
      "learning_rate": 0.00020224999999999998,
      "loss": 0.0386,
      "step": 391
    },
    {
      "epoch": 49.0,
      "grad_norm": 0.34900254011154175,
      "learning_rate": 0.00020199999999999998,
      "loss": 0.027,
      "step": 392
    },
    {
      "epoch": 49.0,
      "eval_accuracy": 0.8657543173672206,
      "eval_loss": 1.3142558336257935,
      "eval_runtime": 0.4398,
      "eval_samples_per_second": 6.821,
      "eval_steps_per_second": 2.274,
      "step": 392
    },
    {
      "epoch": 49.12,
      "grad_norm": 3.256059408187866,
      "learning_rate": 0.00020174999999999997,
      "loss": 0.0231,
      "step": 393
    },
    {
      "epoch": 49.25,
      "grad_norm": 0.20099015533924103,
      "learning_rate": 0.00020149999999999996,
      "loss": 0.0211,
      "step": 394
    },
    {
      "epoch": 49.38,
      "grad_norm": 0.530640721321106,
      "learning_rate": 0.00020124999999999996,
      "loss": 0.0261,
      "step": 395
    },
    {
      "epoch": 49.5,
      "grad_norm": 0.32136473059654236,
      "learning_rate": 0.000201,
      "loss": 0.0329,
      "step": 396
    },
    {
      "epoch": 49.62,
      "grad_norm": 0.3834206163883209,
      "learning_rate": 0.00020075,
      "loss": 0.0302,
      "step": 397
    },
    {
      "epoch": 49.75,
      "grad_norm": 0.19316637516021729,
      "learning_rate": 0.0002005,
      "loss": 0.0169,
      "step": 398
    },
    {
      "epoch": 49.88,
      "grad_norm": 0.35149654746055603,
      "learning_rate": 0.00020025,
      "loss": 0.0245,
      "step": 399
    },
    {
      "epoch": 50.0,
      "grad_norm": 2.3621113300323486,
      "learning_rate": 0.00019999999999999998,
      "loss": 0.0194,
      "step": 400
    },
    {
      "epoch": 50.0,
      "eval_accuracy": 0.8647768002606713,
      "eval_loss": 1.3221994638442993,
      "eval_runtime": 0.4393,
      "eval_samples_per_second": 6.829,
      "eval_steps_per_second": 2.276,
      "step": 400
    },
    {
      "epoch": 50.12,
      "grad_norm": 0.198025181889534,
      "learning_rate": 0.00019975,
      "loss": 0.0225,
      "step": 401
    },
    {
      "epoch": 50.25,
      "grad_norm": 0.3546124994754791,
      "learning_rate": 0.0001995,
      "loss": 0.0286,
      "step": 402
    },
    {
      "epoch": 50.38,
      "grad_norm": 0.35247504711151123,
      "learning_rate": 0.00019925,
      "loss": 0.0198,
      "step": 403
    },
    {
      "epoch": 50.5,
      "grad_norm": 0.6953940391540527,
      "learning_rate": 0.00019899999999999999,
      "loss": 0.0151,
      "step": 404
    },
    {
      "epoch": 50.62,
      "grad_norm": 0.43536049127578735,
      "learning_rate": 0.00019874999999999998,
      "loss": 0.0236,
      "step": 405
    },
    {
      "epoch": 50.75,
      "grad_norm": 0.32813435792922974,
      "learning_rate": 0.00019849999999999997,
      "loss": 0.0201,
      "step": 406
    },
    {
      "epoch": 50.88,
      "grad_norm": 0.34655553102493286,
      "learning_rate": 0.00019825,
      "loss": 0.0209,
      "step": 407
    },
    {
      "epoch": 51.0,
      "grad_norm": 0.44769951701164246,
      "learning_rate": 0.000198,
      "loss": 0.0205,
      "step": 408
    },
    {
      "epoch": 51.0,
      "eval_accuracy": 0.8654284783317041,
      "eval_loss": 1.3720208406448364,
      "eval_runtime": 0.4398,
      "eval_samples_per_second": 6.822,
      "eval_steps_per_second": 2.274,
      "step": 408
    },
    {
      "epoch": 51.12,
      "grad_norm": 0.20163795351982117,
      "learning_rate": 0.00019774999999999998,
      "loss": 0.0221,
      "step": 409
    },
    {
      "epoch": 51.25,
      "grad_norm": 0.2790054976940155,
      "learning_rate": 0.00019749999999999998,
      "loss": 0.0143,
      "step": 410
    },
    {
      "epoch": 51.38,
      "grad_norm": 0.1840818226337433,
      "learning_rate": 0.00019724999999999997,
      "loss": 0.018,
      "step": 411
    },
    {
      "epoch": 51.5,
      "grad_norm": 0.4834953248500824,
      "learning_rate": 0.00019699999999999996,
      "loss": 0.0143,
      "step": 412
    },
    {
      "epoch": 51.62,
      "grad_norm": 0.8392637968063354,
      "learning_rate": 0.00019674999999999998,
      "loss": 0.0143,
      "step": 413
    },
    {
      "epoch": 51.75,
      "grad_norm": 0.8769160509109497,
      "learning_rate": 0.00019649999999999998,
      "loss": 0.0214,
      "step": 414
    },
    {
      "epoch": 51.88,
      "grad_norm": 5.224452495574951,
      "learning_rate": 0.00019624999999999997,
      "loss": 0.0377,
      "step": 415
    },
    {
      "epoch": 52.0,
      "grad_norm": 0.8734076619148254,
      "learning_rate": 0.00019599999999999997,
      "loss": 0.0341,
      "step": 416
    },
    {
      "epoch": 52.0,
      "eval_accuracy": 0.863147605083089,
      "eval_loss": 1.3989475965499878,
      "eval_runtime": 0.4391,
      "eval_samples_per_second": 6.833,
      "eval_steps_per_second": 2.278,
      "step": 416
    },
    {
      "epoch": 52.12,
      "grad_norm": 0.24474522471427917,
      "learning_rate": 0.00019574999999999996,
      "loss": 0.0183,
      "step": 417
    },
    {
      "epoch": 52.25,
      "grad_norm": 4.531614780426025,
      "learning_rate": 0.00019549999999999995,
      "loss": 0.0186,
      "step": 418
    },
    {
      "epoch": 52.38,
      "grad_norm": 0.35847529768943787,
      "learning_rate": 0.00019525,
      "loss": 0.0283,
      "step": 419
    },
    {
      "epoch": 52.5,
      "grad_norm": 0.460023432970047,
      "learning_rate": 0.000195,
      "loss": 0.0164,
      "step": 420
    },
    {
      "epoch": 52.62,
      "grad_norm": 0.39434507489204407,
      "learning_rate": 0.00019475,
      "loss": 0.0256,
      "step": 421
    },
    {
      "epoch": 52.75,
      "grad_norm": 0.29899707436561584,
      "learning_rate": 0.00019449999999999998,
      "loss": 0.0268,
      "step": 422
    },
    {
      "epoch": 52.88,
      "grad_norm": 0.3562699556350708,
      "learning_rate": 0.00019424999999999998,
      "loss": 0.0208,
      "step": 423
    },
    {
      "epoch": 53.0,
      "grad_norm": 0.7000009417533875,
      "learning_rate": 0.00019399999999999997,
      "loss": 0.0353,
      "step": 424
    },
    {
      "epoch": 53.0,
      "eval_accuracy": 0.8595633756924079,
      "eval_loss": 1.388116478919983,
      "eval_runtime": 0.4389,
      "eval_samples_per_second": 6.836,
      "eval_steps_per_second": 2.279,
      "step": 424
    },
    {
      "epoch": 53.12,
      "grad_norm": 0.4462556540966034,
      "learning_rate": 0.00019375,
      "loss": 0.0212,
      "step": 425
    },
    {
      "epoch": 53.25,
      "grad_norm": 0.2803984582424164,
      "learning_rate": 0.0001935,
      "loss": 0.0172,
      "step": 426
    },
    {
      "epoch": 53.38,
      "grad_norm": 0.25167831778526306,
      "learning_rate": 0.00019324999999999998,
      "loss": 0.018,
      "step": 427
    },
    {
      "epoch": 53.5,
      "grad_norm": 0.21001890301704407,
      "learning_rate": 0.00019299999999999997,
      "loss": 0.0169,
      "step": 428
    },
    {
      "epoch": 53.62,
      "grad_norm": 0.3663134276866913,
      "learning_rate": 0.00019274999999999997,
      "loss": 0.0206,
      "step": 429
    },
    {
      "epoch": 53.75,
      "grad_norm": 0.2387872189283371,
      "learning_rate": 0.0001925,
      "loss": 0.0271,
      "step": 430
    },
    {
      "epoch": 53.88,
      "grad_norm": 1.7168437242507935,
      "learning_rate": 0.00019224999999999998,
      "loss": 0.0158,
      "step": 431
    },
    {
      "epoch": 54.0,
      "grad_norm": 1.0699979066848755,
      "learning_rate": 0.00019199999999999998,
      "loss": 0.0466,
      "step": 432
    },
    {
      "epoch": 54.0,
      "eval_accuracy": 0.863147605083089,
      "eval_loss": 1.3594385385513306,
      "eval_runtime": 0.4397,
      "eval_samples_per_second": 6.823,
      "eval_steps_per_second": 2.274,
      "step": 432
    },
    {
      "epoch": 54.12,
      "grad_norm": 0.4258669912815094,
      "learning_rate": 0.00019174999999999997,
      "loss": 0.0196,
      "step": 433
    },
    {
      "epoch": 54.25,
      "grad_norm": 0.16869255900382996,
      "learning_rate": 0.00019149999999999997,
      "loss": 0.0157,
      "step": 434
    },
    {
      "epoch": 54.38,
      "grad_norm": 0.28867125511169434,
      "learning_rate": 0.00019124999999999996,
      "loss": 0.0085,
      "step": 435
    },
    {
      "epoch": 54.5,
      "grad_norm": 0.3760368824005127,
      "learning_rate": 0.000191,
      "loss": 0.0291,
      "step": 436
    },
    {
      "epoch": 54.62,
      "grad_norm": 0.45021772384643555,
      "learning_rate": 0.00019075,
      "loss": 0.023,
      "step": 437
    },
    {
      "epoch": 54.75,
      "grad_norm": 0.28993991017341614,
      "learning_rate": 0.0001905,
      "loss": 0.0201,
      "step": 438
    },
    {
      "epoch": 54.88,
      "grad_norm": 0.20866800844669342,
      "learning_rate": 0.00019025,
      "loss": 0.0171,
      "step": 439
    },
    {
      "epoch": 55.0,
      "grad_norm": 0.7948082685470581,
      "learning_rate": 0.00018999999999999998,
      "loss": 0.0317,
      "step": 440
    },
    {
      "epoch": 55.0,
      "eval_accuracy": 0.8644509612251547,
      "eval_loss": 1.3678522109985352,
      "eval_runtime": 0.4386,
      "eval_samples_per_second": 6.839,
      "eval_steps_per_second": 2.28,
      "step": 440
    },
    {
      "epoch": 55.12,
      "grad_norm": 0.2632538676261902,
      "learning_rate": 0.00018974999999999998,
      "loss": 0.0178,
      "step": 441
    },
    {
      "epoch": 55.25,
      "grad_norm": 0.5017253160476685,
      "learning_rate": 0.0001895,
      "loss": 0.0181,
      "step": 442
    },
    {
      "epoch": 55.38,
      "grad_norm": 0.4037885069847107,
      "learning_rate": 0.00018925,
      "loss": 0.0221,
      "step": 443
    },
    {
      "epoch": 55.5,
      "grad_norm": 7.077449321746826,
      "learning_rate": 0.00018899999999999999,
      "loss": 0.0416,
      "step": 444
    },
    {
      "epoch": 55.62,
      "grad_norm": 0.7474424242973328,
      "learning_rate": 0.00018874999999999998,
      "loss": 0.0348,
      "step": 445
    },
    {
      "epoch": 55.75,
      "grad_norm": 5.261536121368408,
      "learning_rate": 0.00018849999999999997,
      "loss": 0.018,
      "step": 446
    },
    {
      "epoch": 55.88,
      "grad_norm": 0.25489091873168945,
      "learning_rate": 0.00018824999999999997,
      "loss": 0.0191,
      "step": 447
    },
    {
      "epoch": 56.0,
      "grad_norm": 0.2343023717403412,
      "learning_rate": 0.000188,
      "loss": 0.0154,
      "step": 448
    },
    {
      "epoch": 56.0,
      "eval_accuracy": 0.8628217660475725,
      "eval_loss": 1.4089568853378296,
      "eval_runtime": 0.4407,
      "eval_samples_per_second": 6.808,
      "eval_steps_per_second": 2.269,
      "step": 448
    },
    {
      "epoch": 56.12,
      "grad_norm": 0.3374696671962738,
      "learning_rate": 0.00018774999999999998,
      "loss": 0.0119,
      "step": 449
    },
    {
      "epoch": 56.25,
      "grad_norm": 0.2018996924161911,
      "learning_rate": 0.00018749999999999998,
      "loss": 0.0117,
      "step": 450
    },
    {
      "epoch": 56.38,
      "grad_norm": 0.3143456280231476,
      "learning_rate": 0.00018724999999999997,
      "loss": 0.0293,
      "step": 451
    },
    {
      "epoch": 56.5,
      "grad_norm": 0.3052448332309723,
      "learning_rate": 0.00018699999999999996,
      "loss": 0.0176,
      "step": 452
    },
    {
      "epoch": 56.62,
      "grad_norm": 0.35827913880348206,
      "learning_rate": 0.00018675,
      "loss": 0.0224,
      "step": 453
    },
    {
      "epoch": 56.75,
      "grad_norm": 0.5836795568466187,
      "learning_rate": 0.0001865,
      "loss": 0.0429,
      "step": 454
    },
    {
      "epoch": 56.88,
      "grad_norm": 0.19464044272899628,
      "learning_rate": 0.00018625,
      "loss": 0.0206,
      "step": 455
    },
    {
      "epoch": 57.0,
      "grad_norm": 0.8526511192321777,
      "learning_rate": 0.000186,
      "loss": 0.0621,
      "step": 456
    },
    {
      "epoch": 57.0,
      "eval_accuracy": 0.863147605083089,
      "eval_loss": 1.42075777053833,
      "eval_runtime": 0.4386,
      "eval_samples_per_second": 6.84,
      "eval_steps_per_second": 2.28,
      "step": 456
    },
    {
      "epoch": 57.12,
      "grad_norm": 0.2315821647644043,
      "learning_rate": 0.00018575,
      "loss": 0.013,
      "step": 457
    },
    {
      "epoch": 57.25,
      "grad_norm": 0.2557964026927948,
      "learning_rate": 0.00018549999999999998,
      "loss": 0.0174,
      "step": 458
    },
    {
      "epoch": 57.38,
      "grad_norm": 0.26506778597831726,
      "learning_rate": 0.00018525,
      "loss": 0.0126,
      "step": 459
    },
    {
      "epoch": 57.5,
      "grad_norm": 0.18656492233276367,
      "learning_rate": 0.000185,
      "loss": 0.0209,
      "step": 460
    },
    {
      "epoch": 57.62,
      "grad_norm": 0.7319077253341675,
      "learning_rate": 0.00018475,
      "loss": 0.0443,
      "step": 461
    },
    {
      "epoch": 57.75,
      "grad_norm": 0.2558528482913971,
      "learning_rate": 0.00018449999999999999,
      "loss": 0.0222,
      "step": 462
    },
    {
      "epoch": 57.88,
      "grad_norm": 0.23170694708824158,
      "learning_rate": 0.00018424999999999998,
      "loss": 0.0163,
      "step": 463
    },
    {
      "epoch": 58.0,
      "grad_norm": 0.3922567665576935,
      "learning_rate": 0.00018399999999999997,
      "loss": 0.0192,
      "step": 464
    },
    {
      "epoch": 58.0,
      "eval_accuracy": 0.8628217660475725,
      "eval_loss": 1.3649272918701172,
      "eval_runtime": 0.44,
      "eval_samples_per_second": 6.818,
      "eval_steps_per_second": 2.273,
      "step": 464
    },
    {
      "epoch": 58.12,
      "grad_norm": 0.17861516773700714,
      "learning_rate": 0.00018375,
      "loss": 0.0158,
      "step": 465
    },
    {
      "epoch": 58.25,
      "grad_norm": 0.1825026273727417,
      "learning_rate": 0.0001835,
      "loss": 0.0147,
      "step": 466
    },
    {
      "epoch": 58.38,
      "grad_norm": 0.20702312886714935,
      "learning_rate": 0.00018324999999999998,
      "loss": 0.0049,
      "step": 467
    },
    {
      "epoch": 58.5,
      "grad_norm": 0.41029927134513855,
      "learning_rate": 0.00018299999999999998,
      "loss": 0.0221,
      "step": 468
    },
    {
      "epoch": 58.62,
      "grad_norm": 0.39718762040138245,
      "learning_rate": 0.00018274999999999997,
      "loss": 0.0366,
      "step": 469
    },
    {
      "epoch": 58.75,
      "grad_norm": 0.4626822769641876,
      "learning_rate": 0.00018249999999999996,
      "loss": 0.05,
      "step": 470
    },
    {
      "epoch": 58.88,
      "grad_norm": 0.28295648097991943,
      "learning_rate": 0.00018224999999999998,
      "loss": 0.0137,
      "step": 471
    },
    {
      "epoch": 59.0,
      "grad_norm": 0.24063074588775635,
      "learning_rate": 0.00018199999999999998,
      "loss": 0.0094,
      "step": 472
    },
    {
      "epoch": 59.0,
      "eval_accuracy": 0.8641251221896383,
      "eval_loss": 1.3961944580078125,
      "eval_runtime": 0.4396,
      "eval_samples_per_second": 6.824,
      "eval_steps_per_second": 2.275,
      "step": 472
    },
    {
      "epoch": 59.12,
      "grad_norm": 0.5161519646644592,
      "learning_rate": 0.00018174999999999997,
      "loss": 0.0146,
      "step": 473
    },
    {
      "epoch": 59.25,
      "grad_norm": 0.7275488376617432,
      "learning_rate": 0.00018149999999999997,
      "loss": 0.0157,
      "step": 474
    },
    {
      "epoch": 59.38,
      "grad_norm": 0.6700531244277954,
      "learning_rate": 0.00018124999999999996,
      "loss": 0.029,
      "step": 475
    },
    {
      "epoch": 59.5,
      "grad_norm": 0.418281227350235,
      "learning_rate": 0.000181,
      "loss": 0.0296,
      "step": 476
    },
    {
      "epoch": 59.62,
      "grad_norm": 0.46320590376853943,
      "learning_rate": 0.00018075,
      "loss": 0.0325,
      "step": 477
    },
    {
      "epoch": 59.75,
      "grad_norm": 0.21915146708488464,
      "learning_rate": 0.0001805,
      "loss": 0.0165,
      "step": 478
    },
    {
      "epoch": 59.88,
      "grad_norm": 0.31204894185066223,
      "learning_rate": 0.00018025,
      "loss": 0.009,
      "step": 479
    },
    {
      "epoch": 60.0,
      "grad_norm": 0.27901941537857056,
      "learning_rate": 0.00017999999999999998,
      "loss": 0.0082,
      "step": 480
    },
    {
      "epoch": 60.0,
      "eval_accuracy": 0.8706419028999675,
      "eval_loss": 1.3930481672286987,
      "eval_runtime": 0.4394,
      "eval_samples_per_second": 6.828,
      "eval_steps_per_second": 2.276,
      "step": 480
    },
    {
      "epoch": 60.12,
      "grad_norm": 0.3294033706188202,
      "learning_rate": 0.00017974999999999998,
      "loss": 0.0136,
      "step": 481
    },
    {
      "epoch": 60.25,
      "grad_norm": 0.25342562794685364,
      "learning_rate": 0.0001795,
      "loss": 0.0221,
      "step": 482
    },
    {
      "epoch": 60.38,
      "grad_norm": 0.13042132556438446,
      "learning_rate": 0.00017925,
      "loss": 0.0165,
      "step": 483
    },
    {
      "epoch": 60.5,
      "grad_norm": 0.47631824016571045,
      "learning_rate": 0.000179,
      "loss": 0.0148,
      "step": 484
    },
    {
      "epoch": 60.62,
      "grad_norm": 0.22960321605205536,
      "learning_rate": 0.00017874999999999998,
      "loss": 0.0093,
      "step": 485
    },
    {
      "epoch": 60.75,
      "grad_norm": 0.4545457065105438,
      "learning_rate": 0.00017849999999999997,
      "loss": 0.0165,
      "step": 486
    },
    {
      "epoch": 60.88,
      "grad_norm": 34.973201751708984,
      "learning_rate": 0.00017824999999999997,
      "loss": 0.0205,
      "step": 487
    },
    {
      "epoch": 61.0,
      "grad_norm": 0.48585861921310425,
      "learning_rate": 0.000178,
      "loss": 0.0262,
      "step": 488
    },
    {
      "epoch": 61.0,
      "eval_accuracy": 0.8654284783317041,
      "eval_loss": 1.4247498512268066,
      "eval_runtime": 0.4391,
      "eval_samples_per_second": 6.833,
      "eval_steps_per_second": 2.278,
      "step": 488
    },
    {
      "epoch": 61.12,
      "grad_norm": 0.725138783454895,
      "learning_rate": 0.00017774999999999998,
      "loss": 0.0188,
      "step": 489
    },
    {
      "epoch": 61.25,
      "grad_norm": 0.30895206332206726,
      "learning_rate": 0.00017749999999999998,
      "loss": 0.0117,
      "step": 490
    },
    {
      "epoch": 61.38,
      "grad_norm": 0.29442596435546875,
      "learning_rate": 0.00017724999999999997,
      "loss": 0.0154,
      "step": 491
    },
    {
      "epoch": 61.5,
      "grad_norm": 0.48482921719551086,
      "learning_rate": 0.00017699999999999997,
      "loss": 0.0223,
      "step": 492
    },
    {
      "epoch": 61.62,
      "grad_norm": 0.1948656290769577,
      "learning_rate": 0.00017674999999999996,
      "loss": 0.0083,
      "step": 493
    },
    {
      "epoch": 61.75,
      "grad_norm": 0.26984578371047974,
      "learning_rate": 0.0001765,
      "loss": 0.0195,
      "step": 494
    },
    {
      "epoch": 61.88,
      "grad_norm": 0.41564419865608215,
      "learning_rate": 0.00017625,
      "loss": 0.0102,
      "step": 495
    },
    {
      "epoch": 62.0,
      "grad_norm": 0.49267899990081787,
      "learning_rate": 0.000176,
      "loss": 0.0264,
      "step": 496
    },
    {
      "epoch": 62.0,
      "eval_accuracy": 0.8637992831541219,
      "eval_loss": 1.425916314125061,
      "eval_runtime": 0.4391,
      "eval_samples_per_second": 6.832,
      "eval_steps_per_second": 2.277,
      "step": 496
    },
    {
      "epoch": 62.12,
      "grad_norm": 0.5185608863830566,
      "learning_rate": 0.00017575,
      "loss": 0.0161,
      "step": 497
    },
    {
      "epoch": 62.25,
      "grad_norm": 0.23875732719898224,
      "learning_rate": 0.00017549999999999998,
      "loss": 0.0133,
      "step": 498
    },
    {
      "epoch": 62.38,
      "grad_norm": 0.2858104407787323,
      "learning_rate": 0.00017524999999999998,
      "loss": 0.0192,
      "step": 499
    },
    {
      "epoch": 62.5,
      "grad_norm": 0.22385446727275848,
      "learning_rate": 0.000175,
      "loss": 0.015,
      "step": 500
    }
  ],
  "logging_steps": 1.0,
  "max_steps": 1200,
  "num_input_tokens_seen": 0,
  "num_train_epochs": 150,
  "save_steps": 500,
  "total_flos": 4082504879308800.0,
  "train_batch_size": 2,
  "trial_name": null,
  "trial_params": null
}
