{
  "best_metric": null,
  "best_model_checkpoint": null,
  "epoch": 2.9239766081871346,
  "eval_steps": 500,
  "global_step": 500,
  "is_hyper_param_search": false,
  "is_local_process_zero": true,
  "is_world_process_zero": true,
  "log_history": [
    {
      "epoch": 1.0,
      "grad_norm": 2.216928243637085,
      "learning_rate": 0.00095,
      "loss": 2.91,
      "step": 171
    },
    {
      "epoch": 1.0,
      "eval_loss": 2.849262237548828,
      "eval_runtime": 10.9546,
      "eval_samples_per_second": 8.307,
      "eval_steps_per_second": 4.199,
      "step": 171
    },
    {
      "epoch": 2.0,
      "grad_norm": 2.2252819538116455,
      "learning_rate": 0.0009000000000000001,
      "loss": 2.8842,
      "step": 342
    },
    {
      "epoch": 2.0,
      "eval_loss": 2.862265110015869,
      "eval_runtime": 10.9489,
      "eval_samples_per_second": 8.311,
      "eval_steps_per_second": 4.201,
      "step": 342
    }
  ],
  "logging_steps": 500,
  "max_steps": 3420,
  "num_input_tokens_seen": 0,
  "num_train_epochs": 20,
  "save_steps": 500,
  "total_flos": 3999750230016000.0,
  "train_batch_size": 2,
  "trial_name": null,
  "trial_params": null
}
